_id,Area,AREA,Cross check Area,Cross check Area Status,Cross Check Names Of Area,NeighbouringAreas,Names of Localities ,Responsibility,
678e8e58285238d113f206ca,Aashiana,AASHIANA,Area,Done,AASHIANA,"LDA COLONY, BANGLA BAZAR, SHARDA COLONY, RATAN KHAND, SOUTH CITY, ALAMBAGH, TELIBAGH, VRINDAVAN YOJNA",AASHIANA,"Isha Piwal,Mohammad Samdani qureshi",
678e8e58285238d113f206cb,Adarsh Nagar,ADARSH NAGAR,Area,Done,ADARSH NAGAR,"BHEEM NAGAR, ANAND NAGAR, RAILWAY COLONY, BARHA, OM NAGAR RAJAJIPURAM, KAKORI, ALAMBAGH, ASHARFABAD",AHMAMAU,Isha Piwal,
678e8e58285238d113f206cc,Adil Nagar,ADIL NAGAR,Area,Done,ADIL NAGAR,"UNITY CITY COLONY, SHYAM NAGAR, TEDHI PULIA, KALYANPUR, SHYAM NAGAR WEST, JANKIPURAM, VIKAS NAGAR, ALIGANJ, MADIYAON, KURSI NAGAR",AISHBAGH,"Isha Piwal,Mohammad Samdani qureshi",
678e8e58285238d113f206cd,Ahimamau,AHIMAMAU,Area,Done,AHIMAMAU,"MASTEMAU, ARJUN GANJ, SARSAWAN, CHAK KAJEHRA, GOLF CITY, GOMTI NAGAR EXTENSION, SUSHANT GOLF CITY, VRINDAVAN YOJNA, ARJUNGANJ, TELIBAGH",ALAMBAGH,"Isha Piwal,Mohammad Samdani qureshi",
678e8e58285238d113f206ce,Ahiran Khera,AHIRAN KHERA,Area,Done,AHIRAN KHERA,"BALAGANJ, ALMASBAGH, DUBBAGA, RAJAJIPURAM, AISHBAGH, TALKATORA, KESA COLONY, DUBAGGA, BANTHRA, SAROJINI NAGAR, MOHANLALGANJ, ASHIANA, AMAUSI",ALAMNAGAR,Isha Piwal,
678e8e58285238d113f206cf,Ahmamau,AHMAMAU,Area,Done,AHMAMAU,"SARSAWAN, ARJUNGANJ, MAHANAGAR, JANKIPURAM, VIKAS NAGAR, NIRALA NAGAR, KAPOORTHALA, GOMTI NAGAR EXTENSION, VRINDAVAN YOJNA, SUSHANT GOLF CITY, SHAHEED PATH LOCALITIES, ARJUNGANJ",ALIGANJ,Isha Piwal,
678e8e58285238d113f206d0,Ajadnagar,AJADNAGAR,Area,Done,AJADNAGAR,"KARIM GANJ, BALAGANJ, GOMTI NAGAR, SHAHEED PATH, SUSHANT GOLF CITY, VRINDAVAN YOJNA, SOUTH CITY, ALAMBAGH, LDA COLONY, CHARBAGH, RAJAJIPURAM, TELIBAGH",AMAR SHAHEED PATH,Isha Piwal,
678e8e58285238d113f206d1,Akhilesh Yadav Road Area,AKHILESH YADAV ROAD AREA,Area,Done,AKHILESH YADAV ROAD AREA,"GOMTI NAGAR, GOMTI NAGAR EXTENSION, SHAHEED PATH, VISHESH KHAND, BARAUNA, ASHIANA, LDA COLONY, CHARBAGH, RAJAJIPURAM, ALMAS BAGH",ANAND NAGAR,"Isha Piwal,Mohammad Samdani qureshi",
678e8e58285238d113f206d2,Alambagh,ALAMBAGH,Area,Done,ALAMBAGH,"CHARBAGH, BANGLA BAZAR, CANTONMENT, HAZRATGANJ, CHARBAGH, KAISERBAGH, AMINABAD, LALBAGH, RAJAJIPURAM, ASHARFABAD, CHARBAGH, LDA COLONY, MAHANAGAR",AP SEN MARG,Isha Piwal,
678e8e58285238d113f206d3,Alamnagar,ALAMNAGAR,Area,Done,ALAMNAGAR,"CHARBAGH, ASHIYANA, GOMTI NAGAR EXTENSION, VRINDAVAN YOJNA, SUSHANT GOLF CITY, AHMAMAU, JANKIPURAM, VIKAS NAGAR, ALIGANJ, MADIYAON, KURSI NAGAR",ARJUNGANJ,Isha Piwal,
678e8e58285238d113f206d4,Alia colony,ALIA COLONY,Area,Done,ALIA COLONY,"HUSAINABAD, RAIS MANJIL, CHOTA IMAMBARA , NAKA HINDOLA, AMINABAD, RAJENDRA NAGAR, AISHBAGH, CHARBAGH, KAPOORTHALA, MAHANAGAR, JANKIPURAM, VIKAS NAGAR, TRIVENI NAGAR",ARYA NAGAR,Isha Piwal,
678e8e58285238d113f206d5,Aliganj,ALIGANJ,Area,Done,ALIGANJ,"NIRALA NAGAR, DALIGANJ , KANPUR ROAD, LDA COLONY, BANGLA BAZAR, SECTOR Q, SOUTH CITY, SITAPUR LOCALITY, MADIYAON, JANKIPURAM, VIKAS NAGAR, ALIGANJ",ASHIYANA COLONY,Isha Piwal,
678e8e58285238d113f206d6,Allu Nagar Diguria,ALLU NAGAR DIGURIA,Area,Done,ALLU NAGAR DIGURIA,"KALIYA KHERA, ALINAGAR SONHARA, MANDIYANVA, GHAILA, RAN SWAAD, SITAPUR LOCALITY, MADIYAON, JANKIPURAM, VIKAS NAGAR, ALIGANJ",ASHOK MARG,Isha Piwal,
678e8e58285238d113f206d7,Almas Bagh,ALMAS BAGH,Area,Done,ALMAS BAGH,"AHIRAN KHERA, BALAGANJ, AZAD NAGAR, THAKURGANJ, RAJAJIPURAM, DUBAGGA, CHOWK, ALAMBAGH, CHARBAGH, RAJAJIPURAM, ASHIANA, LDA COLONY",BALAGANJ,Isha Piwal,
678e8e58285238d113f206d8,Amausi,AMAUSI,Area,Done,AMAUSI,"RAHIMBADH, TRANSPORT NAGAR, OMAXE CITY,SAROJINI NAGAR, BIJNAUR, AMAUSI, MOHANLALGANJ ,SAROJINI NAGAR, BANTHRA, ASHIANA, LDA COLONY, AMAUSI AIRPORT LOCALITY",BANTHRA,Isha Piwal,
678e8e58285238d113f206d9,Amethi,AMETHI,Area,Done,AMETHI,"BASREHYA, BARUWA, REHMATNAGAR, MAHMOODPUR, RAIPUR PHULWARI , REBHA, BARIYA PUR, MOHANLALGANJ, GOSAINGANJ, TELIBAGH, CHINHAT, VRINDAVAN YOJNA",BARHA,Isha Piwal,
678e8e58285238d113f206da,Aminabad,AMINABAD,Area,Done,AMINABAD,"RAJENDRA NAGAR, NAKA HINDOLA, KESAR BAGH, HUSAINGANJ, SOMNATH DWAR, GANESH GANJ,GOLA GANJ ,CHOWK, CHARBAGH, HAZRATGANJ, LALBAGH, RAJAJIPURAM",BEHTA SABOLI,Isha Piwal,
678e8e58285238d113f206db,Amrudhi Bagh,AMRUDHI BAGH,Area,Done,AMRUDHI BAGH,"MUSLIM NAGAR, SINGAR NAGAR, RAMNAGAR, SINGAR NAGAR, ALIGANJ, NIRALA NAGAR, MAHANAGAR, KAPOORTHALA, DALIGANJ ,HAZRATGANJ, NISHATGANJ, KAPOORTHALA, ALIGANJ, MAHANAGAR",CHAND GANJ,Isha Piwal,
678e8e58285238d113f206dc,Anand Nagar,ANAND NAGAR,Area,Done,ANAND NAGAR,"ECO GARDEN, BHEEM NAGAR, DURGAPURI, RAJAJIPURAM, ALAMBAGH, ASHIANA, KAKORI, ASHARFABAD",CHARBAGH,"Isha Piwal,Mohammad Samdani qureshi",
678e8e58285238d113f206dd,Anora,ANORA,Area,Done,ANORA,"CHAKOLI, SHAGUN CITY, BEHTA, PALENHADA, THAKURGANJ, NAKHAS, BALAGANJ, RAKABGANJ, CHINHAT, GOMTI NAGAR, INDIRA NAGAR, FAIZABAD LOCALITY, MALHAUR",CHAUPATIYAN,Isha Piwal,
678e8e58285238d113f206de,Aravali Marg,ARAVALI MARG,Area,Done,ARAVALI MARG,"SANJAY GANDHI PURAM, RABINDRA PALLI COLONY, GOMTI NAGAR, INDIRA NAGAR, MATIYARI, GOMTI NAGAR, VIBHUTI KHAND, INDIRA NAGAR, FAIZABAD LOCALITY, CHINHAT",CHINHAT,Isha Piwal,
678e8e58285238d113f206df,ARJUN NAGAR,ARJUN NAGAR,Area,Done,ARJUN NAGAR,"SUJANPURA CROSSING, RAJKUMAR, KAISERBAGH, HAZRATGANJ, DALIBAGH, CHARBAGH, AMINABAD, ASHIANA, RAJAJIPURAM, ALAMBAGH, TELIBAGH, LDA COLONY",CIVIL LINES,Isha Piwal,
678e8e58285238d113f206e0,ARJUN VIHAR,ARJUN VIHAR,Area,Done,ARJUN VIHAR,"DEVPUR, NEW PARA COLONY, NARPAT KHERA, RAJAJIPURAM, BLOCK B, SOUTH CITY, VRINDAVAN YOJNA, GOMTI NAGAR EXTENSION, SUSHANT GOLF CITY, ARJUNGANJ",DALIBAGH COLONY,Isha Piwal,
678e8e58285238d113f206e1,Arjunganj,ARJUNGANJ,Area,Done,ARJUNGANJ,"AHMAMAU, BARAUNA, VRINDAVAN COLONY, ROBERTS LINES, SARSAWAN, CANTONMENT, GOMTI NAGAR EXTENSION, SUSHANT GOLF CITY, CANTONMENT AREA, SHAHEED PATH LOCALITIES, VRINDAVAN YOJNA",DALIGANJ,Isha Piwal,
678e8e58285238d113f206e2,Asharfabad,ASHARFABAD,Area,Done,ASHARFABAD,"MEDHI GANJ, KANC, AMINABAD, NAKA HINDOLA, CHARBAGH, LALBAGH, KAISERBAGH, RAJAJIPURAM, KAKORI, ALAMBAGH, ASHIANA, TELIBAGH",GANESH GANJ,Isha Piwal,
678e8e58285238d113f206e3,Asharfabad Extension,ASHARFABAD EXTENSION,Area,Done,ASHARFABAD EXTENSION,"AKBARI GATE, TALKATORA, AISHBAGH, ALAMNAGAR, DAUD NAGAR, ASHIANA, RAJAJIPURAM, ALAMBAGH, LDA COLONY, TELIBAGH",GHAILA,"Isha Piwal,Mohammad Samdani qureshi",
678e8e58285238d113f206e4,ashiyana colony,ASHIYANA COLONY,Area,Done,ASHIYANA COLONY,"TRANSPORT NAGAR, RATAN KHAND, CHINHAT, INDIRA NAGAR, MATIYARI, KAMTA, LDA COLONY, SAROJINI NAGAR, ALAMBAGH, VRINDAVAN YOJNA, TELIBAGH",GHAZIPUR,Isha Piwal,
678e8e58285238d113f206e5,Ashiyana Vistar,ASHIYANA VISTAR,Area,Done,ASHIYANA VISTAR,"ASHIYANA, KRISHNA NAGAR, BANGLA BAZAR,TELIBAGH, RATAN KHAND ,VRINDAVAN YOJNA, SUSHANT GOLF CITY, SOUTH CITY, ARJUNGANJ",GOILA,"Isha Piwal,Mohammad Samdani qureshi",
678e8e58285238d113f206e6,ashutosh nagar,ASHUTOSH NAGAR,Area,Done,ASHUTOSH NAGAR,"KRISHNA NAGAR, SANGAM VIHAR COLONY, AMBEDKAR NAGAR, MANAS NAGAR, ASHIANA, RAJAJIPURAM, SAROJINI NAGAR, ALAMBAGH, LDA COLONY",GOKHALE MARG,Isha Piwal,
678e8e58285238d113f206e7,Atrauli,ATRAULI,Area,Done,ATRAULI,"KALYANPUR, BAJRANG VIHAR COLONY, ALIGANJ, MAHANAGAR, VIKAS NAGAR, JANKIPURAM, SUSHANT GOLF CITY",GOMTI NAGAR,Isha Piwal,
678e8e58285238d113f206e8,Aurangabad Khalsa,AURANGABAD KHALSA,Area,Done,AURANGABAD KHALSA,"ADARSH NAGAR, ASHIYANA, TRANSPORT NAGAR, AISHBAGH, ALIGANJ, KALYANPUR",GUDAMBA THAANA ROAD,Isha Piwal,
678e8e58285238d113f206e9,Avadh Vihar Colony,AVADH VIHAR COLONY,Area,Done,AVADH VIHAR COLONY,"SARAI SEKH, VIKALP KHAND, GOMTI NAGAR EXTENSION, SUSHANT GOLF CITY, LDA COLONY",GURAMBA,Isha Piwal,
678e8e58285238d113f206ea,Avadh Vihar Yojna Phase 2,AVADH VIHAR YOJNA PHASE 2,Area,Done,AVADH VIHAR YOJNA PHASE 2,"AMAR SHAHEED PATH, GOMTI NAGAR EXTENSION, TELIBAGH, OMAXE CITY, VRINDAVAN YOJNA",HAL,Isha Piwal,
678e8e58285238d113f206eb,AVAS VIKAS COLONY,AVAS VIKAS COLONY,Area,Done,AVAS VIKAS COLONY,"ALAMBAGH, KANPUR ROAD, KRISHNA NAGAR, ASHIYANA, RAJAJIPURAM",HAZRATGANJ,Isha Piwal,
678e8e58285238d113f206ec,Awadh Vihar Yojna,AWADH VIHAR YOJNA,Area,Done,AWADH VIHAR YOJNA,"HARIHARPUR, AHMAMAU, AMINABAD, NAKA HINDOLA, CHARBAGH, LALBAGH, KAISERBAGH",HUSAINABAD,Isha Piwal,
678e8e58285238d113f206ed,AWHO colony,AWHO COLONY,Area,Done,AWHO COLONY,"GOMTI NAGAR, GOMTI NAGAR EXTENSION, VINAY KHAND, VISHAL KHAND",HUSSAINGANJ,Isha Piwal,
678e8e58285238d113f206ee,Azad Nagar,AZAD NAGAR,Area,Done,AZAD NAGAR,"KALPI ROAD, DABAULI, NAURAIYA KHERA, GUJAINI, BHADRUK",JAL VAYU VIHAR,"Isha Piwal,Mohammad Samdani qureshi",
678e8e58285238d113f206ef,Baba Haider Ali Colony,BABA HAIDER ALI COLONY,Area,Done,BABA HAIDER ALI COLONY,"TARABGANJ, RAM TEJ SWARUP SINGH, IFFCO BAZAR, ADIL NAGAR, ALIGARH",JANKIPURAM,"Isha Piwal,Mohammad Samdani qureshi",
678e8e58285238d113f206f0,BABU GANJ,BABU GANJ,Area,Done,BABU GANJ,"DIHMEHDI, KHATWARA, MADIPUR, SONU GUPTA, LALA KA PURWA, BADI BAKRI ",KALYANPUR,Isha Piwal,
678e8e58285238d113f206f1,BADSHA JI BAGH,BADSHA JI BAGH,Area,Done,BADSHA JI BAGH,"ARTHIK AZADI, MOHANLALGANJ, SAROJINI NAGAR, BANTHRA, RAEBARELI ROAD, AMAUSI",KAMALABAD BARHAULI,Isha Piwal,
678e8e58285238d113f206f2,Badshah Nagar,BADSHAH NAGAR,Area,Done,BADSHAH NAGAR,"MAHANAGAR, NISHATGANJ, IT CROSSING, ALIGANJ, INDIRA NAGAR",LALBAGH,Isha Piwal,
678e8e58285238d113f206f3,Bagiamau,BAGIAMAU,Area,Done,BAGIAMAU,"GOLG CITY, SHANKAR VIHAR COLONY, KIORA LUCKNOW, GHAUSAL KALAN , DEVAMAU",LUCKNOW CANTONMENT,Isha Piwal,
678e8e58285238d113f206f4,BAHADUR SHAH COLONY,BAHADUR SHAH COLONY,Area,Done,BAHADUR SHAH COLONY,"CHOWK, RAKABGANJ, THAKURGANJ, NAKHAS, AMINABAD",MADION,Isha Piwal,
678e8e58285238d113f206f5,Balaganj,BALAGANJ,Area,Done,BALAGANJ,"CHOWK, SAADATGANJ, THAKURGANJ, NAKHAS, AMINABAD",MAHIPATMAU,Isha Piwal,
678e8e58285238d113f206f6,BALDA COLONY,BALDA COLONY,Area,Done,BALDA COLONY,"GOMTI NAGAR, INDIRA NAGAR, MAHANAGAR, VISHAL KHAND, ALIGANJ",MANAK NAGAR,Isha Piwal,
678e8e58285238d113f206f7,BANARSI TOLA,BANARSI TOLA,Area,Done,BANARSI TOLA,"NAKHAS, THAKURGANJ, SAADATGANJ, CHOWK, RAKABGANJ",MANAS NAGAR,Isha Piwal,
678e8e58285238d113f206f8,BANDARIYA BAGH RAILWAY COLONY,BANDARIYA BAGH RAILWAY COLONY,Area,Done,BANDARIYA BAGH RAILWAY COLONY,"CHARBAGH, NAKA HINDOLA, AMINABAD, HAZRATGANJ, RAKABGANJ",MAUNDA,Isha Piwal,
678e8e58285238d113f206f9,BANGLA BAZAR,BANGLA BAZAR,Area,Done,BANGLA BAZAR,"ASHIYANA, KRISHNA NAGAR, TELIBAGH, ALAMBAGH, TYPE III PWD COLONY",MIRANPUR PINVAT,"Isha Piwal,Mohammad Samdani qureshi",
678e8e58285238d113f206fa,BANS MANDI,BANS MANDI,Area,Done,BANS MANDI,"AMINABAD, CHOWK, RAKABGANJ, HAZRATGANJ, THAKURGANJ",MOHAN MEKING ROAD,Isha Piwal,
678e8e58285238d113f206fb,Banthra,BANTHRA,Area,Done,BANTHRA,"AMAUSI, NADARGANJ, SAROJINI NAGAR, TELIBAGH, PANI GAON",NARAYAN NAGAR,"Isha Piwal,Mohammad Samdani qureshi",
678e8e58285238d113f206fc,Bara Chandganj,BARA CHANDGANJ,Area,Done,BARA CHANDGANJ,"MAHANAGAR, ALIGANJ, NISHATGANJ, IT CROSSING, TRIVENI NAGAR, CHANDRAVAL",NATKUR,Isha Piwal,
678e8e58285238d113f206fd,Barabirwa,BARABIRWA,Area,Done,BARABIRWA,"CHARBAGH, NAKA HINDOLA, ALAMBAGH, KRISHNA NAGAR, TELIBAGH",NAVEEN GALLA MANDI,Isha Piwal,
678e8e58285238d113f206fe,Barauli Khalilabad,BARAULI KHALILABAD,AREA,Done,BARAULI KHALILABAD,"SAROJINI NAGAR, NADARGANJ, BANTHRA,TELIBAGH, SARAIYA, TIWARIPUR",NAVI KOT NANDANA,Isha Piwal,
678e8e58285238d113f206ff,Baraura Hussain Bari,BARAURA HUSSAIN BARI,AREA,Done,BARAURA HUSSAIN BARI,"SAADATGANJ, CHOWK, NAKHAS, AMINABAD, THAKURGANJ",NEW GANESHGANJ,Isha Piwal,
678e8e58285238d113f20700,BARI LALKURTI BAZZAR,BARI LALKURTI BAZZAR,AREA,Done,BARI LALKURTI BAZZAR,"AMINABAD, NAKA HINDOLA, CHARBAGH, RAKABGANJ, DEFENCE COLONY",NIJAMPUR MALHOR,"Isha Piwal,Mohammad Samdani qureshi",
678e8e58285238d113f20701,BAROLIYA,BAROLIYA,AREA,Done,BAROLIYA,"MALIHABAD, KAKORI, DUBAGGA, RAJAJIPURAM, BARI LAL KURTI BAZAR",NILMATHA,"Isha Piwal,Mohammad Samdani qureshi",
678e8e58285238d113f20702,BBD University Area,BBD UNIVERSITY AREA,AREA,Done,BBD UNIVERSITY AREA,"CHINHAT, GOMTI NAGAR, GOMTI NAGAR EXTENSION, VISHESH KHAND",NIRALA NAGAR,Isha Piwal,
678e8e58285238d113f20703,behsa,BEHSA,AREA,Done,BEHSA,"AMAUSI, BANTHRA, SAROJINI NAGAR, NADARGANJ, MAHANAGAR",NISHATGANJ,"Isha Piwal,Mohammad Samdani qureshi",
678e8e58285238d113f20704,Bhadoi,BHADOI,AREA,Done,BHADOI,"GAURABAGH, GOSAI PURWA, ALAMBAGH, MAWAIYA, KHADRA",PAIKARAMAU,"Isha Piwal,Mohammad Samdani qureshi",
678e8e58285238d113f20705,bhadruk,BHADRUK,AREA,Done,BHADRUK,"DURGAPURI, HAZRATGANJ, LALBAGH, CHARBAGH, KAISERBAGH, NAWAL KISHORE",PAN DARIBA MARG,Isha Piwal,
678e8e58285238d113f20706,bhagwant nagar,BHAGWANT NAGAR,AREA,Done,BHAGWANT NAGAR,"HAZRATGANJ, MAHANAGAR, AMINABAD, CHARBAGH, TEJIPUR",PARK ROAD,"Isha Piwal,Mohammad Samdani qureshi",
678e8e58285238d113f20707,Bhagwantnagar,BHAGWANTNAGAR,AREA,Done,BHAGWANTNAGAR,"KALYANPUR, ALAMBAGH, JANKIPURAM, INDIRA NAGAR, MUSLIM NAGAR",PAWANPURI,"Isha Piwal,Mohammad Samdani qureshi",
678e8e58285238d113f20708,bheem nagar,BHEEM NAGAR,AREA,Done,BHEEM NAGAR,"RUPKHEDA, LONHA, AZAD GUEST HOUSE, BHADOI, CHAKOLI",PIPARSAND,Isha Piwal,
678e8e58285238d113f20709,Bhitargaon,BHITARGAON,AREA,Done,BHITARGAON,"MENDAULI, BARAULA, BHAAVYA KAPUR, GOKHALE VIHAR, NAU GAWN",PRAG NARAIN ROAD,"Isha Piwal,Mohammad Samdani qureshi",
678e8e58285238d113f2070a,Bhitauli,BHITAULI,AREA,Done,BHITAULI,"AMINABAD, NAKA HINDOLA, CHARBAGH, MAWAIYA, KALYANPUR",RAE BARELI ROAD,Isha Piwal,
678e8e58285238d113f2070b,Bhitauli Crossing,BHITAULI CROSSING,AREA,Done,BHITAULI CROSSING,"ALIGANJ, MAHANAGAR, RAJAJIPURAM, JANKIPURAM, KAPOORTHALA",RAHIM NAGAR,Isha Piwal,
678e8e58285238d113f2070c,Bhitauli Khurd,BHITAULI KHURD,AREA,Done,BHITAULI KHURD,"ALAMBAGH, CHARBAGH, ALAMNAGAR, AISHBAGH, ARJUNGANJ, VIKAS NAGAR, MAHANAGAR",RAJAJIPURAM,Isha Piwal,
678e8e58285238d113f2070d,BHUSA MANDI,BHUSA MANDI,AREA,Done,BHUSA MANDI,"SANJAY NAGAR, PANDEY KA TALAB COLONY, AISHBAGH, MOTI JHEEL COLONY, TIKAITGANJ",RAJENDRA NAGAR,"Isha Piwal,Mohammad Samdani qureshi",
678e8e58285238d113f2070e,Bijnor,BIJNOR,AREA,Done,BIJNOR,"RAHIMABAD, NATKUR, ASHRAF NAGAR, HIMALAYAN CITY, CHANDRAVAL",RAM MOHAN RAI MARG,Isha Piwal,
678e8e58285238d113f2070f,BKT (Bakshi Ka Talab),BKT (BAKSHI KA TALAB),AREA,Done,BKT (BAKSHI KA TALAB),"NAUBASTA, INDIRA NAGAR, GOMTI NAGAR, SUSHANT GOLF CITY, VIKAS NAGAR, NISHATGANJ",RUCHI KHAND-II,Isha Piwal,
678e8e58285238d113f20710,Bliss Colony,BLISS COLONY,AREA,Done,BLISS COLONY,"CHOWK, THAKURGANJ, DALIGANJ, RAKABGANJ, NAKA HINDOLA",SAADATGANJ,Isha Piwal,
678e8e58285238d113f20711,Buddha Colony,BUDDHA COLONY,AREA,Done,BUDDHA COLONY,"PARSADI KHERA LUCKNOW, KALIYA KHERA, ALAMBAGH, MOHANLALGANJ, KALYANPUR",SADRAUNA,Isha Piwal,
678e8e58285238d113f20712,Budheshwar Colony,BUDHESHWAR COLONY,AREA,Done,BUDHESHWAR COLONY,"BALRAMPUR GARDEN, HAZRATGANJ, LALBAGH, KAISERBAGH, CHARBAGH, AMINABAD",SAPRU MARG,Isha Piwal,
678e8e58285238d113f20713,Butler Colony,BUTLER COLONY,AREA,Done,BUTLER COLONY,"CHOWK, NAKA HINDOLA, THAKURGANJ, AMINABAD, GANESHGANJ",SARAI MALI KHAN,Isha Piwal,
678e8e58285238d113f20714,Butler Colony,BUTLER COLONY,AREA,Done,BUTLER COLONY,"P & T QUARTERS,  LAXMI NAGAR, LDA COLONY, ALAMBAGH, KALYANPUR, JIAMAU",SAROJINI NAGAR,"Isha Piwal,Mohammad Samdani qureshi",
678e8e58285238d113f20715,Cantonment,CANTONMENT,AREA,Done,CANTONMENT,"FAEHGANJ, LDA COLONY, ALAMBAGH, KALYANPUR, TIWARIPUR",SAROSA BHAROSA,"Isha Piwal,Mohammad Samdani qureshi",
678e8e58285238d113f20716,Chakganjagiri,CHAKGANJAGIRI,AREA,Done,CHAKGANJAGIRI,"ANAMIKA ENCLAVE, PREM NAGAR, RAJAJIPURAM, VIKAS NAGAR, MAHANAGAR, KAPOORTHALA, ALAMNAGAR.",SECTOR-14,Isha Piwal,
678e8e58285238d113f20717,Chandganj Garden,CHANDGANJ GARDEN,AREA,Done,CHANDGANJ GARDEN,"MAHANAGAR, KAPOORTHLA, INDIRA NAGAR, CSIR COLONY, NIRALA NAGAR",SECTOR-18,"Isha Piwal,Mohammad Samdani qureshi",
678e8e58285238d113f20718,Chandpur Industrial Area,CHANDPUR INDUSTRIAL AREA,AREA,Done,CHANDPUR INDUSTRIAL AREA,"LOHTA BAZAR, LEHERTARA INDUSTRIAL ESTATE, KANCHAN VIHAR COLONY, MANRAULI, CHURAMANPUR",SECTOR-B,"Isha Piwal,Mohammad Samdani qureshi",
678e8e58285238d113f20719,Chandralok Colony,CHANDRALOK COLONY,AREA,Done,CHANDRALOK COLONY,"SECTOR 4, VIKAS NAGAR, SECTOR 6, NEW RAHIM NAGAR, PURANIA, INDIRA NAGAR",SECTOR-D,Purnendu Bhowmick,
678e8e58285238d113f2071a,Charan Bagh,CHARAN BAGH,AREA,Done,CHARAN BAGH,"PREM NAGAR, HAJRAT GANJ, KASONS LANE, SHALIMAR SQUARE, CIVIL LINES",SHAHNAJAF ROAD,"Purnendu Bhowmick,Mohammad Samdani Qureshi",
678e8e58285238d113f2071b,Charbagh,CHARBAGH,AREA,Done,CHARBAGH,"BHERI MANDI, LALKUAN, NAKA HINDOLA, AMEER NAGAR, MAWAIYYA, MOTI NAGAR",SHARDA NAGAR,Purnendu Bhowmick,
678e8e58285238d113f2071c,Chhatha Meel,CHHATHA MEEL,AREA,Done,CHHATHA MEEL,"SHARAKPUR, CHAKGANJAGIRI, NEW COLONY, TIWARIPUR, NAYA KHERA",SHYAM VIHAR COLONY,Purnendu Bhowmick,
678e8e58285238d113f2071d,CHHOTI LAL KURTI,CHHOTI LAL KURTI,AREA,Done,CHHOTI LAL KURTI,"NAIBASTI, HUSAINGANJ, CANAL COLONY, KHATKEYANA, NAKKHAS, YAHIYAGANJ, RAKABGANJ, SAADATGANJ, GOLAGANJ, TALKATORA, THAKURGANJ, BALAGANJ, CHOWK",SIKRAURI,Purnendu Bhowmick,
678e8e58285238d113f2071e,CHILLAWAN,CHILLAWAN,AREA,Done,CHILLAWAN,"PURANA QILA, MIRZA GANJ, BAS MANDI, KHURRAM NAGAR, ALIGANJ, SHEIKHPUR, NAYAGOAN, DALIGANJ, MAHANAGAR, SAADATGANJ, THAKURGANJ, BIBIAPUR, HAIDERGANJ, RAKABGANJ",SINGAR NAGAR,Purnendu Bhowmick,
678e8e58285238d113f2071f,CHINHAT,CHINHAT,AREA,Done,CHINHAT,"ASHRAF VIHAR COLONY, SARAISHEKH, SHAHPUR, MATIYARI, SEMRA, KAMTA, AMRAIGAON, MATIYARI, BAKKAS, AHMAMAU, JUGGAUR, TIWARIGANJ, MATIYARI, BAKKAS, AHMAMAU, JUGGAUR, TIWARIGANJ, SATRIKH",SUBHASH MARG,Purnendu Bhowmick,
678e8e58285238d113f20720,CHOTA CHANDGANJ,CHOTA CHANDGANJ,AREA,Done,CHOTA CHANDGANJ,"NIRALA NAGAR, CSIR COLONY, DALIGANJ, KUTUBPUR, HASANGANJ, MAHANAGAR, NEHRU NAGAR, ALIGANJ, VIKAS NAGAR, TRIVENI NAGAR, KAPOORTHALA, KHURRAM NAGAR, PURANIA, DALIGANJ",SUJANPURA,Purnendu Bhowmick,
678e8e58285238d113f20721,D2 BLOCK,D2 BLOCK,AREA,Done,D2 BLOCK,"NIJAMPUR MAJHIGAON, SECTOR C, SECTOR B ANSAL API, INDIRA NAGAR, MUNSHI PULIA, GOMTI NAGAR, VIKAS KHAND, RAJAT KHAND, PATRAKAR PURAM",THAKURGANJ,"Purnendu Bhowmick,Mohammad Samdani Qureshi",
678e8e58285238d113f20722,DALIGANJ,DALIGANJ,AREA,Done,DALIGANJ,"INDIRA NAGAR, CSIR COLONY, NIRALA NAGAR, IRADAT NAGAR, KUTUBPUR, HASANGANJ, CHOWK, GHASYARI MANDI, NAKKHAS, AMINABAD, SULTANPUR, MANGALWARA, SHAHMAU, NAYAGANJ, KESARBAGH, TALKATORA",TILAK MARG,Purnendu Bhowmick,
678e8e58285238d113f20723,DASHAULI,DASHAULI,AREA,Done,DASHAULI,"ADHAR KHERA, BHARAWAMAU, BASAHA, GAURABAGH, PAIKARAMAU, BICHHIYA, SARAINKALU, CHANDRAWAL, KACHHAWA, SARAIPASI, PAKRI, KANSHIRAM COLONY, SIKANDER PUR, RAJAJI PURAM",UTRATHIA,Purnendu Bhowmick,
678e8e58285238d113f20724,DAUD NAGAR,DAUD NAGAR,AREA,Done,DAUD NAGAR,"SAJJADBAGH COLONY, KHADRA, DAULATGANJ, MILLAT NAGAR, MUFTIGANJ, ALAMBAGH, NAYAGANJ, ILYASGANJ, KANCHANPUR, HASANGANJ, PURANI CHUNGI, BEGAUMABAD, TADKESHWAR, MAUMIYAN, NAKKHAS",VASANT KUNJ,"Purnendu Bhowmick,Mohammad Samdani Qureshi",
678e8e58285238d113f20725,DAULATGANJ,DAULATGANJ,AREA,Done,DAULATGANJ,"SAADATGANJ, MUFTIGANJ, SAJJADBAGH COLONY, HARINAGAR, KRISHNAPURI COLONY, BASANT VIHAR COLONY, YAHIYAGANJ, RAKABGANJ, SAADATGANJ, GOLAGANJ, THAKURGANJ, BALAGANJ, TALKATORA, KAISERGANJ",VIBHUTI KHAND,Purnendu Bhowmick,
678e8e58285238d113f20726,DAYAL BAGH,DAYAL BAGH,AREA,Done,DAYAL BAGH,"NEW FRIENDS COLONY, SHANKAR VIHAR COLONY, POCKET 9, YUSUF NAGAR, GOLF CITY, BAGIAMAU, VIKAS NAGAR, KALYANPUR, AASTHA NAGAR, GANESHPUR, RAHMANPUR, SEMRA, ATIFVIHAR, UATTARDHONA, MATIYARI, SHAIDHAM COLONY",VIKAS NAGAR,Purnendu Bhowmick,
678e8e58285238d113f20727,DEEN DAYAL NAGAR,DEEN DAYAL NAGAR,AREA,Done,DEEN DAYAL NAGAR,"IRADAT NAGAR, MAKKAGANJ, TRIVENI NAGAR, BANS MANDI, VIKRAMSHILA COLONY, INDIRA NAGAR, SHIVAJIPURAM, SADAR BAZAR, RAJAJIPURAM, CHANDGANJ",VIP ROAD,Purnendu Bhowmick,
678e8e58285238d113f20728,DHA DHA KHERA,DHA DHA KHERA,AREA,Done,DHA DHA KHERA,"KABIR, UDYAN, ALAM NAGAR, NAYAPURWA, NILMATHA, VIJAY NAGAR, SHANTI NAGAR, GHUSWAL KALAN, PAMPAPUR GHUSVAL, KHAZOOR GAON, BARETHI, TINDOLA, MADHAPUR, CHACHENDA",VRINDAVAN YOJANA,Purnendu Bhowmick,
678e8e58285238d113f20729,DIGURIA,DIGURIA,AREA,Done,DIGURIA,"MUTKKIPUR, RAIPUR, BHITAULI, AZIZ NAGAR, MADIYAON, SECTOR F, BAKKAS, MATIYARI, KAMTA, CHINHAT, AHMAMAU, SHANKER KHERA",WAZIRGANJ,Purnendu Bhowmick,
678e8e58285238d113f2072a,DUBAGGA,DUBAGGA,AREA,Done,DUBAGGA,"SIKRAURI, MAHIPATMAU, VASANT KUNJ, BAJRANGBALI NAGAR, MAUAIMA, GOKULPUR, RAYA BAZAR, SARAI GOPAL, SHANKAR KHERA, CHINHAT, TULSI DAS KHERA, MANWA KHERA",,Purnendu Bhowmick,
678e8e58285238d113f2072b,EKTA NAGAR,EKTA NAGAR,AREA,Done,EKTA NAGAR,"GANESH NAGAR, SANJAY NAGAR, CHARKOP, NEW MAHAKALI NAGAR, EVERSHINE NAGAR",,"Purnendu Bhowmick,Mohammad Samdani Qureshi",
678e8e58285238d113f2072c,ELDECO UDYAN,ELDECO UDYAN,AREA,Done,ELDECO UDYAN,"SHAHEED NAGAR, MOHANLAL GANJ, KRISHNA VIHAR COLONY, VRINDAVAN YOJNA - 2, DURGAPURI, ELDECO UDYANI, SUSHANT GOLF CITY, SHIVGARH, HIND NAGAR, MALHAUR, CHANDRA LOK, MANJHAULI, BHAGWANT NAGAR",,Purnendu Bhowmick,
678e8e58285238d113f2072d,FAIZULLAGANJ,FAIZULLAGANJ,AREA,Done,FAIZULLAGANJ,"PREETI NAGAR, MILLAT NAGAR, NAYAPURWA, SHIVLOK, SECTOR Q, SECTOR K, CHANDGANJ, NEHRU NAGAR, BANS MANDI, KANPUR ROAD, PURANIA, VIKRAM SHILA COLONY, INDIRA NAGAR, VIKAS NAGAR, MAUAIMA, RAJAJIPURAM",,Purnendu Bhowmick,
678e8e58285238d113f2072e,FARIDIPUR,FARIDIPUR,AREA,Done,FARIDIPUR,"BHAMRAULLI SHAH PUR, DUBAGGA, AHIRAN KHERA, MALLPUR, ALMAS BAGH, BALAGANJ, CHINHAT, KAMTA, MATIYARI, BAKKAS, AMRAIGAON, AHMAMAU",,Purnendu Bhowmick,
678e8e58285238d113f2072f,GANESH GANJ,GANESH GANJ,AREA,Done,GANESH GANJ,"NAKA HINDOLA, BHERI MANDI, LAL KUAN, KHAYALIGANJ, NAYA GAON, AMINABAD, GULABRAI, CHOWK, BABUPURWA, KAISER BAGH, SADAR BAZAR, SHAHMAU, SIBT GANJ, MOTI BAGH",,Purnendu Bhowmick,
678e8e58285238d113f20730,GANGA VIHAR,GANGA VIHAR,AREA,Done,GANGA VIHAR,"GAURAV VIHAR COLONY, ADARSH VIHAR COLONY, NEW MEHDAURI, GULZAR COLONY, CHINHAT, VASTU KHAND, SADAR BAZAR, ALIGANJ, VIKAS NAGAR, TRIVENI NAGAR, VIKRAM SHILA COLONY, MAUAIMA",,Purnendu Bhowmick,
678e8e58285238d113f20731,GANGJOR,GANGJOR,AREA,Done,GANGJOR,"SARAIYA, SADHUPUR, TARHIA, UMAR BHARI, PALHRI, CHINHAT, BAKKAS, AHMAMAU, MATIYARI, KAMTA, AMRAIGAON, KHURRAM NAGAR",,Purnendu Bhowmick,
678e8e58285238d113f20732,GINDAR KHERA,GINDAR KHERA,AREA,Done,GINDAR KHERA,"TELIBAGH, AMAUSI, RAHIMABAD, SAROJINI NAGAR, ASHIYANA, BANTHRA, AMINABAD, KHURRAM NAGAR, MAUAIMA, VIKRAM SHILA COLONY, SADAR BAZAR, BANSMANDI, CHANDGANJ, ALIGANJ, KANPURROAD, RAYABAZAR",,"Purnendu Bhowmick,Mohammad Samdani Qureshi",
678e8e58285238d113f20733,GOL MARKET,GOL MARKET,AREA,Done,GOL MARKET,"SECTOR H, SECTOR D, SACHIVALAY COLONY, SECTOR G, HIND NAGAR, KRISHNA NAGAR, HAZRATGANJ, NAWAB GANJ, SHAHMINA, SADAR BAZAR, QAISER BAGH, CHOWK, AMINABAD, CHANDGANJ",,Purnendu Bhowmick,
678e8e58285238d113f20734,GOMTI NAGAR,GOMTI NAGAR,AREA,Done,GOMTI NAGAR,"VIRAM KHAND, VINNET KHAND, HUSERIA, SARASWATI PURAM, SHIVAJI PURAM, SADAR BAZAR, INDIRA NAGAR, CHANDGANJ, ALIGANJ, KAPOORTHALA, HAZRATGANJ, ASHIYANA",,Purnendu Bhowmick,
678e8e58285238d113f20735,GOMTI NAGAR EXTENSION,GOMTI NAGAR EXTENSION,AREA,Done,GOMTI NAGAR EXTENSION,"SHAHEED PATH, GOMTI NAGAR, TELIBAGH, FAIZABAD, VRINDAVAN YOJNA, SHARDA NAGAR, MAUKHERA, JALALPUR, KHANPUR, TIWARI BAGH, MAUAIMA, AMRAPALI MARKET, CHANDRESH",,Purnendu Bhowmick,
678e8e58285238d113f20736,GOPAL NAGAR,GOPAL NAGAR,AREA,Done,GOPAL NAGAR,"KRISHNA NAGAR, ASHUTOSH NAGAR, VINAY NAGAR, BHOLA KHERA, SINGAR NAGAR, JAFAR KHERA, MAUAIMA, RAHMAPUR, SARAI KHAWAJA, BALAPUR, GOKULPUR, CHANDPUR",,"Purnendu Bhowmick,mohammad Samdani Qureshi",
678e8e58285238d113f20737,gopeshkunj,GOPESHKUNJ,AREA,Done,GOPESHKUNJ,"SHAHINOOR COLONY, SECTOR 6C, SECTOR 6, RAMJAN NAGAR, SECTOR 7 A, NILMATHA",,Purnendu Bhowmick,
678e8e58285238d113f20738,Gopramau,GOPRAMAU,Area,Done,GOPRAMAU,"RANIYA MAU, RAITHA, PURWA, AUTROULI, SARSANDA, DHATINGRA, BORUMAU",,Purnendu Bhowmick,
678e8e58285238d113f20739,Gosainganj,GOSAINGANJ,Area,Done,GOSAINGANJ,"KORIYANI, SADARPUR KARORA, SEKHANA PUR, SARAY KARORA, CHAND SARAY",,Purnendu Bhowmick,
678e8e58285238d113f2073a,Govind Nagar,GOVIND NAGAR,Area,Done,GOVIND NAGAR,"GULAB VATIKA, MUSLIM NAGAR, MADHUBAN NAGAR, AZAD NAGAR, ALAMBAGH",,Purnendu Bhowmick,
678e8e58285238d113f2073b,Green Avenue Colony,GREEN AVENUE COLONY,Area,Done,GREEN AVENUE COLONY,"NARAYAN NAGAR, DLF GARDEN CITY, RAHEEM NAGAR, BARHAULI, PIPARSAND, NEW GANESHGANJ",,Purnendu Bhowmick,
678e8e58285238d113f2073c,Green City Colony,GREEN CITY COLONY,Area,Done,GREEN CITY COLONY,"SHARAKPUR, CHAKGANJAGIRI, NEW COLONY, CHHATA MEEL, TIWARIPURA",,Purnendu Bhowmick,
678e8e58285238d113f2073d,Green View Apartments,GREEN VIEW APARTMENTS,Area,Done,GREEN VIEW APARTMENTS,"VASANT KUNJ, BALAGANJ, BARAURA HUSSAIN BARI, RASTOGI NAGAR, AZAD NAGAR, DUBAGGA, AHIRAN KHERA",,Purnendu Bhowmick,
678e8e58285238d113f2073e,Green Woods Colony,GREEN WOODS COLONY,Area,Done,GREEN WOODS COLONY,"VIRAM KHAND, VIRAM KHAND 5, HUSERIA, VINNET KHAND 1, SECTOR 5",,Purnendu Bhowmick,
678e8e58285238d113f2073f,Gudamba,GUDAMBA,Area,Done,GUDAMBA,"PHASE-2, JANKIPURAM GARDEN, SECTOR H, ADIL NAGAR, GAURABAGH",,Purnendu Bhowmick,
678e8e58285238d113f20740,Gwari Village,GWARI VILLAGE,Area,Done,GWARI VILLAGE,"VISHAL KHAND, VIRAM KHAND-1, UJARIYAON,VIPUL KHAND, VIRAM KHAND",,Purnendu Bhowmick,
678e8e58285238d113f20741,H1 Block,H1 BLOCK,Area,Done,H1 BLOCK,"USMAN PUR,KESHAV NAGAR, W BLOCK,Y BLOCK, K BLOCK, VASANT VIHAR",,Purnendu Bhowmick,
678e8e58285238d113f20742,H2 Block,H2 BLOCK,Area,Done,H2 BLOCK,"AJITH GANJ COLONY, RANIA,K BLOCK, BABU PURVA COLONY, MARBLE MARKET, SITE NO.1",,Purnendu Bhowmick,
678e8e58285238d113f20743,Habibpur,HABIBPUR,Area,Done,HABIBPUR,"KANAK CITY, SHIVAJI PURAM, SARI PURA, BLOCK F, ASHOK VIHAR, SECTOR-12",,Purnendu Bhowmick,
678e8e58285238d113f20744,Hahnemann Chauraha,HAHNEMANN CHAURAHA,Area,Done,HAHNEMANN CHAURAHA,"VINEET KHAND, SARASWATI PURAM, VIRAJ KHAND-1, HUSERIA, SECTOR 5, KHARGAPUR",,Purnendu Bhowmick,
678e8e58285238d113f20745,Haibat Mau,HAIBAT MAU,Area,Done,HAIBAT MAU,"SECTOR 16, DURGAPURI, RASOOLPUR IDURIA, EKATA NAGAR, E-BLOCK, ROYAL NAGAR",,Purnendu Bhowmick,
678e8e58285238d113f20746,Haiderganj,HAIDERGANJ,Area,Done,HAIDERGANJ,"LILAULI, CHAKMIRPUR, SARSAWA, DEOKALIYA BAKSI, KARAUNDI, MAWAYA",,Purnendu Bhowmick,
678e8e58285238d113f20747,HAL COLONY,HAL COLONY,Area,Done,HAL COLONY,"INDIRA NAGAR, BLOCK C, SECTOR-7, BRAHAMPURI COLONY, SECTOR 5, BLOCK A, MARUTI PURAM",,Purnendu Bhowmick,
678e8e58285238d113f20748,Hanumant Puram 2nd,HANUMANT PURAM 2ND,Area,Done,HANUMANT PURAM 2ND,"DAUD NAGAR, AHOK VIHAR COLONY, MILLAT NAGAR, PREETI NAGAR, FAZULLAGANJ",,Purnendu Bhowmick,
678e8e58285238d113f20749,Hardoi Road,HARDOI ROAD,Area,Done,HARDOI ROAD,"ZEHRA COLONY, KARIM GANJ, BASANT VIHAR COLONY, THAKURGANJ, MUSAHIBGANJ, MUFTIGANJ, NEWAZGANJ",,Purnendu Bhowmick,
678e8e58285238d113f2074a,Hari Nagar,HARI NAGAR,Area,Done,HARI NAGAR,"BRAHAM NAGAR, RASTOGI NAGAR, DAULATGANJ, SAADATGANJ, THAKURGANJ.",,Purnendu Bhowmick,
678e8e58285238d113f2074b,Hari Om Nagar,HARI OM NAGAR,Area,Done,HARI OM NAGAR,"MADIYANVA, MAHARSHI NAGAR, SEMRA GAURI, AZIZ NAGAR, GAYATRI NAGAR,KAKOLI",,Purnendu Bhowmick,
678e8e58285238d113f2074c,hariherpur,HARIHERPUR,Area,Done,HARIHERPUR,"LALKHERA, MAJHGAON, HUSSAINGANJ, RAJEPUR, BHOGIPURA, RATANPUR",,Purnendu Bhowmick,
678e8e58285238d113f2074d,HASANGANJ,HASANGANJ,Area,Done,HASANGANJ,"INDRAPRASTHA ESTATE, MAHANAGAR COLONY, TRIVENI NAGAR, QAISARBAGH, DALIGANJ, AMINA HAMZA BAZAAR",,Purnendu Bhowmick,
678e8e58285238d113f2074e,HASANPUR,HASANPUR,Area,Done,HASANPUR,"KARIMABAD, KHANDEDEV, KHURRAMPUR, KISHUNPUR KODIA, MAHIPATMAU, MAHMOODPUR, MAHTAVA",,Purnendu Bhowmick,
678e8e58285238d113f2074f,HAVELOCK ROAD COLONY,HAVELOCK ROAD COLONY,Area,Done,HAVELOCK ROAD COLONY,"GHASYARI MANDI, LALKUAN, HUSAINGANJ, KAISERBAGH, LALBAGH, UDAIGANJ",,Purnendu Bhowmick,
678e8e58285238d113f20750,HAZRAT GANJ,HAZRAT GANJ,Area,Done,HAZRAT GANJ,"AKBARI GATE,  HAMIDIA, RAJENDRANAGAR, SAPRU, NISHAT GANJ",,Purnendu Bhowmick,
678e8e58285238d113f20751,Hazratganj,HAZRATGANJ,Area,Done,HAZRATGANJ,"PIC UP COLOPNY, KAISER BAGH, CIVIL LINES, BUTLER COLONY, DALIBAGH COLONY",,Pranay,
678e8e58285238d113f20752,Hidu Khera,HIDU KHERA,Area,Done,HIDU KHERA,"BEHTWA, KUDRAT VIHAR COLONY, SAROJINI NAGAR, NADARGANJ, GANDAN KERA",,Pranay,
678e8e58285238d113f20753,hind nagar,HIND NAGAR,Area,Done,HIND NAGAR,"VISNHU LOK COLONY, SACHIVALAY COLONY, AMBEDKAR NAGAR, SECTOR D, TRANSPORT NAGAR",,Pranay,
678e8e58285238d113f20754,Hodson Lines,HODSON LINES,Area,Done,HODSON LINES,"SHIA LINES, NILMANTHA CANT, BHAGWANT NAGAR, DEFENCE COLONY, BARI LAL KURTI BAZAR",,Pranay,
678e8e58285238d113f20755,Hulas Khera,HULAS KHERA,Area,Done,HULAS KHERA,"MEHDAULI, TIKARIYA, KUSHBHITA, KANKAHA, BADAN KHERA",,Pranay,
678e8e58285238d113f20756,Husariya,HUSARIYA,Area,Done,HUSARIYA,"VIRAM KHAND, VINEET KHAND, GOMTI NAGAR, VINAY KHAND, VIRAT KHAND",,Pranay,
678e8e58285238d113f20757,IIM Road,IIM ROAD,Area,Done,IIM ROAD,"MUTKIPUR, SAI CITY, DIGURIA, BHITAULI, SHERWANI NAGAR",,Pranay,
678e8e58285238d113f20758,Indiranagar B-Block Extension,INDIRANAGAR B-BLOCK EXTENSION,Area,Done,INDIRANAGAR B-BLOCK EXTENSION,"SECTOR 20, SECTOR 18, SECTOR 22, SECTOR 7, BLOCK A",,Pranay,
678e8e58285238d113f20759,Indra Nagar,INDRA NAGAR,Area,Done,INDRA NAGAR,"HAL COLONY, NISHAT GANJ, VIKAS NAGAR, KHURRAM NAGAR, TAKROHI, MAITYARI",,Pranay,`
678e8e58285238d113f2075a,indrapuri colony,INDRAPURI COLONY,Area,Done,INDRAPURI COLONY,"DIGURIA, AZIZ NAGAR, SAI CITY, SEMRA GAURI, BHITAULI",,Pranay,
678e8e58285238d113f2075b,Ismailganj,ISMAILGANJ,Area,Done,ISMAILGANJ,"SECTOR 8, SECTOR 9, AJAY NAGAR, SHANKAR PURI, VIKRANT KHAND",,Pranay,
678e8e58285238d113f2075c,Itaunja,ITAUNJA,Area,Done,ITAUNJA,"BANGAON, KALYAN PUR, BELAVA, PIRTHI NAGAR, RAIPUR RAJA",,Pranay,
678e8e58285238d113f2075d,Jafar Khera,JAFAR KHERA,Area,Done,JAFAR KHERA,"KRISHNA NAGAR, ALAMBAGH, ASHUTOSH NAGAR, KESARI NAGAR, Vinay Nagar",,,
678e8e58285238d113f2075e,Jafaria Colony,JAFARIA COLONY,Area,Done,JAFARIA COLONY,"MUFTI GANJ ,DAULATGANJ,MUSAHIB GANJ,SADDATGANJ,SAJJADBAGH COLONY",,Pranay,
678e8e58285238d113f2075f,Jai Narayan Nagar,JAI NARAYAN NAGAR,Area,Done,JAI NARAYAN NAGAR,"UDAIGANJ,HUSAINGANJ,CANAL COLONY,LAL BAGH,NAKA HINDOLA",,Pranay,
678e8e58285238d113f20760,Jail Road,JAIL ROAD,Area,Done,JAIL ROAD,"TIWARIPUR,BANGLA BAZAR,GOPALPURI,SECTOR H,KRISHNA NAGAR",,Pranay,
678e8e58285238d113f20761,Jail Road Colony,JAIL ROAD COLONY,Area,Done,JAIL ROAD COLONY,"TIWARIPUR,BANGLA BAZAR,LDA COLONY,SHARDA COLONY,ASHIYANA",,Pranay,
678e8e58285238d113f20762,jalvayu vihar,JALVAYU VIHAR,Area,Done,JALVAYU VIHAR,"LDA COLONY,BANGLA BAZAR,SECTOR 1,TYPE 2 PWD COLONY,BHADRUK",,Pranay,
678e8e58285238d113f20763,Janakipuram,JANAKIPURAM,Area,Done,JANAKIPURAM,"BHITAULI, KALYANPUR, PREETI NAGAR, ALIGANJ, MISRIPUR",,Pranay,
678e8e58285238d113f20764,Janki Nagar,JANKI NAGAR,Area,Done,JANKI NAGAR,"SECTOR H, NIRALA NAGAR, JANKIPURAM EXTENSION, BAHAR B, LDA COLONY",,Pranay,
678e8e58285238d113f20765,Jankipuram Extension,JANKIPURAM EXTENSION,Area,Done,JANKIPURAM EXTENSION,"JANKIPURAM, BHITAULI, SHERWANI NAGAR, NEW COLONY, MIRZAPUR",,Pranay,
678e8e58285238d113f20766,Jankipuram Garden,JANKIPURAM GARDEN,Area,Done,JANKIPURAM GARDEN,"GAURABAGH, GUDAMBA THANA, BAJRANG VIHAR COLONY, MADIYAON, SAHARA STATES",,Pranay,
678e8e58285238d113f20767,Jankipuram Phase 1,JANKIPURAM PHASE 1,Area,Done,JANKIPURAM PHASE 1,"AZIZ NAGAR, DIGURIYA, MADIYANVA, ALIGANJ, PREETI NAGAR, BHITAULI",,Pranay,
678e8e58285238d113f20768,Jankipuram Phase 2,JANKIPURAM PHASE 2,Area,Done,JANKIPURAM PHASE 2,"JANKIPURAM, BAHAR B, ADIL NAGAR, GAURABAGH, MADITAON",,Pranay,
678e8e58285238d113f20769,Jankipuram Vistar,JANKIPURAM VISTAR,Area,Done,JANKIPURAM VISTAR,"BHITAULI, NYAYA VIHAR COLONY, SHAURYA VIHAR COLONY, ABHSHEKPURAM, MADIYAON",,Pranay,
678e8e58285238d113f2076a,Jehta,JEHTA,Area,Done,JEHTA,"SAITHA, MAURA, KAKRABAD, KHATAIYA, BARAWAN KALAN",,Pranay,
678e8e58285238d113f2076b,Jiamau,JIAMAU,Area,Done,JIAMAU,"GAUTAM PALLI, DALIBAGH COLONY, BUTLER COLONY, SAHARA CITY, MARTIN PURVA",,Pranay,
678e8e58285238d113f2076c,Jiamau Extension,JIAMAU EXTENSION,Area,Done,JIAMAU EXTENSION,"VIPUL KHAND, GAUTAM PALLI, NISHAT GANJ, AMBEDKAR NAGAR, HAZRAT GANJ",,Pranay,
678e8e58285238d113f2076d,JOHARI MOHALLA,JOHARI MOHALLA,Area,Done,JOHARI MOHALLA,"SHAHGANJ, YAHIYAGANJ, SONDHI TOLA, KATRA BIZANBEG, CHAUPATIYAN",,Pranay,
678e8e58285238d113f2076e,Junab ganj,JUNAB GANJ,Area,Done,JUNAB GANJ,"KATIBAGIYA, KHASARBARA, SARAI SAHJADI, BARHA, GYANPUR",,Pranay,
678e8e58285238d113f2076f,Kailashpuri,KAILASHPURI,Area,Done,KAILASHPURI,"AZAD NAGAR, BHEEM NAGAR, GOPALPURI, VIRAT NAGAR, BARHA",,Pranay,
678e8e58285238d113f20770,Kaisarbagh,KAISARBAGH,Area,Done,KAISARBAGH,"GOLA GANJ, YAHIYAGANJ, HASANGANJ, DALIGANJ, HAZRATGANJ",,Pranay,
678e8e58285238d113f20771,Kakadev,KAKADEV,Area,Done,KAKADEV,"LALBAGH, GOSAIGANJ, HAZRATGANJ, CIVIL LINES, HUSAINGANJ",,Pranay,
678e8e58285238d113f20772,Kakoli,KAKOLI,Area,Done,KAKOLI,"MADIYANVA, KAKOLI, DAUD NAGAR, ALLU NAGAR DIGURUIA, MAHARSHI NAGAR",,Pranay,
678e8e58285238d113f20773,Kakori,KAKORI,Area,Done,KAKORI,"BIRAHU, DASDOI, CHILOKI, SAHABAD GRANT, PAHIAAJAMPUR",,Pranay,
678e8e58285238d113f20774,Kalli Pashchim,KALLI PASHCHIM,Area,Done,KALLI PASHCHIM,"ALINAR KHURD, SEC TOR 18, SECTOR 19, BIRUA, KALLI POORAB",,Pranay,
678e8e58285238d113f20775,Kalli Poorab,KALLI POORAB,Area,Done,KALLI POORAB,"KALLI PASCHIM, MATI PARVAR PASCHIM, PARVAR POORAB, MOHAL GANJ",,Pranay,
678e8e58285238d113f20776,Kalyanpur,KALYANPUR,Area,Done,KALYANPUR,"SECTOR 11, SECTOR 14, ALIGANJ, KALYANPUR EAST, UNITY CITY COLONY",,Pranay,
678e8e58285238d113f20777,Kalyanpur West,KALYANPUR WEST,Area,Done,KALYANPUR WEST,"ADIL NAGAR, GAURABAGH, ALIGANJ, KALYANPUR, SITA VIHAR COLONY",,Pranay,
678e8e58285238d113f20778,Kamalabad Barhauli,KAMALABAD BARHAULI,Area,Done,KAMALABAD BARHAULI,"TARHIA, SHERWANI NAGAR, TIWARIPUR, NAYA KHARA, CHAKGANJAGIRI",,Pranay,
678e8e58285238d113f20779,Kamayani Nagar,KAMAYANI NAGAR,Area,Done,KAMAYANI NAGAR,"VISHAL KHAND, VISHWAS KHAND, VIJAY KHAND, VIPUL KHAND",,Pranay,
678e8e58285238d113f2077a,Kamta,KAMTA,Area,Done,KAMTA,"NAUBASTA KALA, INDIRA NAGAR, VIBHAV KHAND, CHINAT, SECTOR 7",,Pranay,
678e8e58285238d113f2077b,Kamta Chauraha,KAMTA CHAURAHA,Area,Done,KAMTA CHAURAHA,"VIJYANT KHAND, VIKRANT KHAND, VISHESH KHAND, VIBHAV KHAND, VIJAIPUR COLONY",,Pranay,
678e8e58285238d113f2077c,kanausi,KANAUSI,Area,Done,KANAUSI,"GAYATRI VIHAR, SANGAM VIHAR, HANS KHERA, SECTOR B, ASUTOSH NAGAR",,Pranay,
678e8e58285238d113f2077d,Kanpur Road,KANPUR ROAD,Area,Done,KANPUR ROAD,"KUSUMBHI, AJGAIN, CHAMRAOLI, KUITHAR, ORHAR",,Pranay,
678e8e58285238d113f2077e,Kanpur Road Sector C,KANPUR ROAD SECTOR C,Area,Done,KANPUR ROAD SECTOR C,"RANIA, PANKI PADAW, SUNDAR NAGAR, BANPURWA, SUNDAR NAGAR",,Pranay,
678e8e58285238d113f2077f,Kanpur Road Sector H,KANPUR ROAD SECTOR H,Area,Done,KANPUR ROAD SECTOR H,"RANIA, PANKI PADAW, SUNDAR NAGAR, BANPURWA, SUNDAR NAGAR",,Pranay,
678e8e58285238d113f20780,Kapoorthala,KAPOORTHALA,Area ,Done,KAPOORTHALA,"OFFICERS COLONY, CHANDRALOK COLONY, VIVEKANAND PURI, CSIR COLONY, NIRALA NAGAR",,Pranay,
678e8e58285238d113f20781,Karbigwan,KARBIGWAN,Area,Done,KARBIGWAN,"NAUIGAWAN GAUTAM, HRIDAY KHEDA, KARBIGAWANSADH, SHISHUPUR, MIRAI",,Pranay,
678e8e58285238d113f20782,kasimpur patri,KASIMPUR PATRI,Area,Done,KASIMPUR PATRI,"GOPALPURI, AZAD NAGAR, VIRAT NAGAR, SECTOR H, SECTOR 1",,Pranay,
678e8e58285238d113f20783,KATARI TOLA,KATARI TOLA,Area,Done,KATARI TOLA,"SANDHI TOLA, YAHIYAGANJ, SHAHGANJ, PUNJABI TOLA, KATRA BIZAN BEG",,Pranay,
678e8e58285238d113f20784,kesari nagar,KESARI NAGAR,Area,Done,KESARI NAGAR,"NARAYAN PURI, HANS KHERA, KANAUSI, ASUTOSH NAGAR, VINAY NAGAR",,Pranay,
678e8e58285238d113f20785,Keshav Nagar,KESHAV NAGAR,Area,Done,KESHAV NAGAR,"PREETI NAGAR, FAZULLA GANJ, SECTOR K, SECTOR Q, MOHIBULLA PUR",,Pranay,
678e8e58285238d113f20786,Khaga,KHAGA,Area,Done,KHAGA,"TIKAPUR, KUKRI, PAMBHIPUR, SAHZADPUR, BAHADURPUR",,Pranay,
678e8e58285238d113f20787,Khajuha,KHAJUHA,Area,Done,KHAJUHA,"ARAIPUR, GANDHARVI, SARAI HAWA KHAWAH, LAKHANA KHERA, CHAK KASHIRPURI",,Pranay,
678e8e58285238d113f20788,Khargapur,KHARGAPUR,Area,Done,KHARGAPUR,"VARDAAN KHAND, BHAISORA, BHARAVARA, MALSEMAU, VINNET KHAND, SECTOR 5",,Pranay,
678e8e58285238d113f20789,KHATKEYANA,KHATKEYANA,Area,Done,KHATKEYANA,"CANAL COLONY, BHERA MANDI, UDAIGANJ, NAI BASTI, CHARBAGH",,Pranay,
678e8e58285238d113f2078a,Khurram Nagar,KHURRAM NAGAR,Area,Done,KHURRAM NAGAR,"KAMLA NEHRU NAGAR, RAHIM NAGAR, SARVODAY NAGAR, SECTOR 8, SECTOR 20",,Pranay,
678e8e58285238d113f2078b,Kisan Path,KISAN PATH,Area,Done,KISAN PATH,"LOLAI, PREM NAGAR COLONY, MEHORA, DEVARIYA, NOORPUR BEHATA",,Pranay,
678e8e58285238d113f2078c,Krishna Nagar,KRISHNA NAGAR,Area,Done,KRISHNA NAGAR,"NARAYAN COLONY, SACHIVALAY COLONY, HIND NAGAR, SANGAM VIHAR COLONY, SECTOR D",,Pranay,
678e8e58285238d113f2078d,krishna nagar colony,KRISHNA NAGAR COLONY,Area,Done,KRISHNA NAGAR COLONY,"VINAY NAGAR, MANAS NAGAR, VISHNULOK COLONY, ASUTOSH NAGAR, NARAYAN PURI",,Pranay,
678e8e58285238d113f2078e,Krishna Vihar,KRISHNA VIHAR,Area,Done,KRISHNA VIHAR,"GAHMAR KUNJ,cGANGA VIHAR, CHINNAT, PANCHVATI COLONY, GULZAR COLONY",,Pranay,
678e8e58285238d113f2078f,Kudrat Vihar Colony,KUDRAT VIHAR COLONY,Area,Done,KUDRAT VIHAR COLONY,"STAFF COLONY, GAURI BAZAR, SAROJINI NAGAR, HEERA LAL NAGAR, TRIMURTI NAGAR",,Pranay,
678e8e58285238d113f20790,LAL KUAN,LAL KUAN,Area,Done,LAL KUAN,"HUSAINGANJ, CANAL COLONY, NAKA HINDOLA, ARYA NAGAR, CHARBAGH, BHERI MANDI, UDAIGANJ",,Pranay,
678e8e58285238d113f20791,Lalbagh,LALBAGH,Area,Done,LALBAGH,"LALKUAN, NAKA HINDOLA, HUSAINGANJ, HAZRATGANJ, GAUTAM PALLI",,Pranay,
678e8e58285238d113f20792,Laulai,LAULAI,Area,Done,LAULAI,"LOLAI, PREM NAGAR COLONY, MEHORA, BHARAVARA, THASEMAU",,Pranay,
678e8e58285238d113f20793,LAUNGA KHERA KHARIKA,LAUNGA KHERA KHARIKA,Area,Done,LAUNGA KHERA KHARIKA,"SHAHINOOR COLONY, BHAGWANT NAGAR, NILMATHA CANTT, SECTOR 6C, TELIBAGH",,Jay,
678e8e58285238d113f20794,Laxmanpuri,LAXMANPURI,Area,Done,LAXMANPURI,"SECTOR 5, BRAHMAPURI COLONY, MARUTI PURAM, H.A.L. COLONY, SANJAYGANDHI PURAM",,Jay,
678e8e58285238d113f20795,Laxmi Bai Marg,LAXMI BAI MARG,Area,Done,LAXMI BAI MARG,"BLOCK A, BLOCK B, SABJI MANDI, BHAVYAPURAM, DEVPUR",,Jay,
678e8e58285238d113f20796,LDA Colony,LDA COLONY,Area,Done,LDA COLONY,"TRANSPORT NAGAR, ASHIYANA, AURANGABAD KHALSA, KRISHNA NAGAR, TIWARIPUR, BANGLA BAZAR",,Jay,
678e8e58285238d113f20797,LDA Sector 12,LDA SECTOR 12,Area,Done,LDA SECTOR 12,"SECTOR 9, SECTOR 10, SECTOR 13, MUNSHI PULIA, INDIRA NAGAR, SECTOR 8, BLOCK C",,Jay,
678e8e58285238d113f20798,LDA Sector 8,LDA SECTOR 8,Area,Done,LDA SECTOR 8,"ISMAILGANJ, SECTOR 9, PATEL NAGAR, SECTOR 7, ASHOK VIHAR, H.A.L. COLONY, BLOCK C, SECTOR 12, INDIRA NAGAR",,Jay,
678e8e58285238d113f20799,Lolai,LOLAI,Area,Done,LOLAI,"SIKANDER KHURD,NIZAMPUR EAST,VIGYAN KHAND, THASEMAU, TERA KHAS",,Pranay,
678e8e58285238d113f2079a,Madhuban Colony,MADHUBAN COLONY,Area,Done,MADHUBAN COLONY,"KASIMPUR PATRI, GOPAL PURI, OM NAGAR, PAWANPURI, MUSLIM NAGAR, AZAD NAGAR, ALAMBAGH",,Jay,
678e8e58285238d113f2079b,Madiyanva,MADIYANVA,Area,Done,MADIYANVA,"BHITAULI, PREETI NAGAR, GHALIA, JANKIPURAM, SECTOR F, MOHIBULLAPUR",,Jay,
678e8e58285238d113f2079c,Madiyaon,MADIYAON,Area,Done,MADIYAON,"ABHISHEK PURAM, SAHARA STATES, JANKIPURAM, SITA VIHAR COLONY, GAURABAGH, ADIL NAGAR",,Jay,
678e8e58285238d113f2079d,maharaja puram,MAHARAJA PURAM,Area,Done,MAHARAJA PURAM,"SANGAM VIHAR COLONY, KESARI NAGAR, ASHUTOSH NAGAR, NARAYAN PURI, KRISHNA NAGAR, VINAY NAGAR",,Jay,
678e8e58285238d113f2079e,MAKHDOOMPUR,MAKHDOOMPUR,Area,Done,MAKHDOOMPUR,"GWARI VILLAGE, MALESEMAU, VARDAN KHAND, GEETA PURI, UJARIYAON, SECTOR 5, SARASWATI PURAM",,Jay,
678e8e58285238d113f2079f,MALESEMAU,MALESEMAU,Area,Done,MALESEMAU,"SECTOR 4, SECTOR 6, MAKHDOOMPUR, BADHAMAU, VARDAN KHAND, AWADHPURI KHAND, VASANT KHAND",,Jay,
678e8e58285238d113f207a0,Malhaur,MALHAUR,Area,Done,MALHAUR,"ASHRAF VIHAR COLONY, VIKALP KHAND, GAURAV VIHAR COLONY, VIGYAN KHAND, BHARWARA, VINAMRA KHAND, SCHUMACHER COLONY",,Jay,
678e8e58285238d113f207a1,Malhour Station Area,MALHOUR STATION AREA,Area,Done,MALHOUR STATION AREA,"ADARSH VIHAR COLONY, BADA BHARWARA, VIRAJ KHAND, GANGOTRI VIHAR, GAURAV VIHAR COLONY, VIKALP KHAND",,Jay,
678e8e58285238d113f207a2,Malihabad,MALIHABAD,Area,Done,MALIHABAD,"FIROZPUR, GARHI SAJAR KHAN, BHUJASA, KUKURA, BAKHTIYAR NAGAR,  TIKARI KHURD",,Jay,
678e8e58285238d113f207a3,Mall Avenue,MALL AVENUE,Area,Done,MALL AVENUE,"HUSAINGANJ, BANDARIYA BAG RAILWAY COLONY, MARTIN PURVA, CANAL COLONY, GAUTAM PALLI, BANDARIYA BAGH",,Jay,
678e8e58285238d113f207a4,Mallpur,MALLPUR,Area,Done,MALLPUR,"SHEIKHPUR, HABIBPUR,BHOOHAR, SIKRAURI, DUBAGGA, SHEKHPUR, BHAMRAULLI SHAH PUR",,Pranay,
678e8e58285238d113f207a5,Malwa,MALWA,Area,Done,MALWA,"JAGDISHPUR, ITARORA PIKHINI, MALWAN, DAULATPUR, BARDE BAGHA",,Pranay,
678e8e58285238d113f207a6,manak nagar,MANAK NAGAR,Area,Done,MANAK NAGAR,"SURYA NAGAR, VIKRAM NAGAR, KANAUSI, DEVPUR, NARPAT KHERA",,Pranay,
678e8e58285238d113f207a7,manas nagar,MANAS NAGAR,Area,Done,MANAS NAGAR,"HARI OM NAGAR, VISHNULOK COLONY, NARAYANPURI, AMBEDKAR NAGAR, KRISHNA NAGAR COLONY",,Pranay,
678e8e58285238d113f207a8,Manas Vihar,MANAS VIHAR,Area,Done,MANAS VIHAR,"RAHIM NAGAR, KHURRAM NAGAR, HARIOM NAGAR, VISHNULOK COLONY, KRISHNA NAGAR",,Pranay,
678e8e58285238d113f207a9,Mangal Pandey Marg,MANGAL PANDEY MARG,Area,Done,MANGAL PANDEY MARG,"VIRAJ KHAND, GANGOTRI VIHAR, BARA BHARWARA, VIRAT KHAND 2, SCHUMACHER COLONY",,Pranay,
678e8e58285238d113f207aa,Mansarovar Colony,MANSAROVAR COLONY,Area,Done,MANSAROVAR COLONY,"TRANSPORT NAGAR,LDA COLONY, SHARDA NAGAR, AMAUSI, ASHIYANA, HIND NAGAR",,Pranay,
678e8e58285238d113f207ab,Mansarovar Yojana,MANSAROVAR YOJANA,Area,Done,MANSAROVAR YOJANA,"PHASE 2, SECTOR M1, AURANGABAD KHALSA, SECTOR P, ADARSH NAGAR",,Pranay,
678e8e58285238d113f207ac,Matiyari,MATIYARI,Area,Done,MATIYARI,"SWAPNLOK COLONY, CHINNAT, KAMTA MANAS GARDEN COLONY, SEMRA",,Pranay,
678e8e58285238d113f207ad,Matiyari Chauraha,MATIYARI CHAURAHA,Area,Done,MATIYARI CHAURAHA,"MAITYARI, PREMBAGH, CHINNAT, GAHMAR KUNJ, KHAND 2",,Pranay,
678e8e58285238d113f207ae,Mehndi Tola,MEHNDI TOLA,Area,Done,MEHNDI TOLA,"DANDIYA BAZAR, SHAKTI NAGAR, KHURRAM NAGAR, ALIGANJ, SARVODAY NAGAR",,Pranay,
678e8e58285238d113f207af,MG Colony,MG COLONY,Area,Done,MG COLONY,"SECTOR E, TRIVENI NAGAR, CSIR COLONY, INDIRA NAGARI, KAPOORTHALA",,Pranay,
678e8e58285238d113f207b0,Mini Stadium Area,MINI STADIUM AREA,Area,Done,MINI STADIUM AREA,"COMMUNITY CENTER KHAND 3, NEELKANTH PARK, HATHIPUR, PATAN, BIGHAPUR",,"Pranay,Mohammad Samdani Qureshi",
678e8e58285238d113f207b1,Miyaganj,MIYAGANJ,Area,Done,MIYAGANJ,"JAJHANPUR, KATHAR, ATWAT, GADHEWA, RAJAPUR GARHEVA, SARSON",,"Pranay,Mohammad Samdani Qureshi",
678e8e58285238d113f207b2,Model Town Colony,MODEL TOWN COLONY,Area,Done,MODEL TOWN COLONY,"SONDHI TOLA, MEHBOOBGANJ, BUNIYADBAGH, BASANT VIHAR COLONY, AMBER GANJ",,Pranay,
678e8e58285238d113f207b3,MOHAN GANJ,MOHAN GANJ,Area,Done,MOHAN GANJ,"CANTONMENT, ARJUNGANJ, SAHARA CITY, NEIL LINES, MARTIN PURVA",,Pranay,
678e8e58285238d113f207b4,Mohan Nagar,MOHAN NAGAR,Area,Done,MOHAN NAGAR,"MAHATVA, GVALPUR, SHIVARI, KHUSHAL GANJ,BELWA, BARAGAON",,Pranay,
678e8e58285238d113f207b5,mohanlalganj,MOHANLALGANJ,Area,Done,MOHANLALGANJ,"PARVAR POORAB, RAMBHAN KHERA, DEHWA, HULAS KHERA, PURSENI",,Pranay,
678e8e58285238d113f207b6,Mohanlalgar,MOHANLALGAR,Area,Done,MOHANLALGAR,"AADARSH NAGAR, PARVAR POORAB, NAGRAM, DEHWA, ATRAULI, KALLI POORAB, BACHHRAWAN, DAHIYAR",,Yeswanth ,
678e8e58285238d113f207b7,Mohibullapur,MOHIBULLAPUR,Area,Done,MOHIBULLAPUR,"AZIZ NAGAR, SECTOR B, DIGURIA, PREETI NAGAR, ALIGANJ, PURANIA, FAZULLAGANJ",,Yeswanth ,
678e8e58285238d113f207b8,Moosabagh,MOOSABAGH,Area,Done,MOOSABAGH,"HAYAT NAGAR, SECTOR D, VASANT KUNJ, BARAWAN KALAN, TALKATORA, BALAGANJ, SAITHA, GHAILA, JEHTA",,Yeswanth ,
678e8e58285238d113f207b9,MOTI JHEEL COLONY,MOTI JHEEL COLONY,Area,Done,MOTI JHEEL COLONY,"GANGA VIHAR COLONY, TIKAITGANJ, MEHDIGANJ, CHARBAGH, MAWAIYYA, TALKATORA, SAADATGANJ",,Yeswanth ,
678e8e58285238d113f207ba,Mubarakpur,MUBARAKPUR,Area,Done,MUBARAKPUR,"DIGURIA, PALHRI, UMAMBHARI, SAIDAPUR, TARHIA, MUTKKIPUR, NARHARPUR, PRASAD NAGAR COLONY",,Yeswanth ,
678e8e58285238d113f207bb,Muftiganj,MUFTIGANJ,Area,Done,MUFTIGANJ,"JAFARIA COLONY, DAULATGANJ, SAADATGANJ, ALIA COLONY, SAJJADBAHG COLONY",,Yeswanth ,
678e8e58285238d113f207bc,Muhiuddinpur,MUHIUDDINPUR,Area,Done,MUHIUDDINPUR,"NAYA KHERA, SECTOR 9, NYAY VIHAR COLONY, JANKIPURAM VISTAR, NEW COLONY, SHERWANI NAGAR",,Yeswanth ,
678e8e58285238d113f207bd,MUKAIM NAGAR,MUKAIM NAGAR,Area,Done,MUKAIM NAGAR,"SAADATGANJ, THAKURGANJ, RAJAJIPURAM, TALKATORA",,Yeswanth ,
678e8e58285238d113f207be,Munshipuliya,MUNSHIPULIYA,Area,Done,MUNSHIPULIYA,"INDIRA NAGAR, GOMTI NAGAR, KHURRAM NAGAR, INDRA NAGAR, HARIHAR NAGAR",,"Yeswanth , Mohammad Samdani Qureshi",
678e8e58285238d113f207bf,Murg Khana,MURG KHANA,Area,Done,MURG KHANA,"ALIA COLONY, RAMGANJ, SAJJADBAGH COLONY, JAFARIA COLONY, DAULATGANJ",,Yeswanth ,
678e8e58285238d113f207c0,Musahibganj,MUSAHIBGANJ,Area,Done,MUSAHIBGANJ,"ALAMBAGH, ASHIYANA, CHARBAGH, SAADATGANJ, JAFARIA COLONY, MUFTI GUNJ, THAKURGANJ",,"Yeswanth,Mohammad Samdani Qureshi",
678e8e58285238d113f207c1,MUSLIM NAGAR,MUSLIM NAGAR,Area,Done,MUSLIM NAGAR,"SAMAR VIHAR COLONY, MAANAK NAGAR, GEETA PALLI, ALAMBAGH, MADHUBAN NAGAR, SINGAR NAGAR, GOPAL PURI",,Yeswanth,
678e8e58285238d113f207c2,Mutkkipur,MUTKKIPUR,Area,Done,MUTKKIPUR,"BHITAULI, RAIPUR, ALLU NAGAR DIGURIA, MADIYANVA, DIGURIA, AZIZ NAGAR",,Yeswanth ,
678e8e58285238d113f207c3,Nadarganj,NADARGANJ,Area,Done,NADARGANJ,"SINDHU NAGAR, AMAUSI, GINDAN KERA, NADARGANJ, HIDU KHERA, CHILLAWAN",,Yeswanth ,
678e8e58285238d113f207c4,Nagram,NAGRAM,Area,Done,NAGRAM,"NAVINAGAR, ASLAM NAGAR, KATRA NAGRAM, ISMAIL NAGAR, SAMESEE, KAROWA, BAL SINGH KHERA",,Yeswanth ,
678e8e58285238d113f207c5,NARHI,NARHI,Area,Done,NARHI,"DALIBAGH COLONY, BUTLER COLONY, HAZRAT GANJ, MARTIN PURVA, CIVIL LINES",,Yeswanth ,
678e8e58285238d113f207c6,NARPATKHERA,NARPATKHERA,Area,Done,NARPATKHERA,"LALBAGH, HUSAINGANJ, GAUTAM PALLI, LALKUAN, DALIBAGH COLONY",,Yeswanth ,
678e8e58285238d113f207c7,Narwal,NARWAL,Area,Done,NARWAL,"MALIHABAD, KAKORI, MOHANLALGANJ, RAJAJIPURAM, KURIYANI, HAZARATPUR, THAREPAH",,Yeswanth ,
678e8e58285238d113f207c8,Natkur,NATKUR,Area,Done,NATKUR,"GAURI BAZAAR, KUDRAT VIHAR COLONY, SAROJINI NAGAR, GAHRU, CHANDRAVAL",,"Yeswanth ,Mohammad Samdani Qureshi",
678e8e58285238d113f207c9,Naubasta Kala,NAUBASTA KALA,Area,Done,NAUBASTA KALA," DHAWA, GOILA , TAKROHI, MOHAMMADPUR MAJRA, KAMTA",,Yeswanth ,
678e8e58285238d113f207ca,NAYA GANJ,NAYA GANJ,Area,Done,NAYA GANJ,"AMINABAD, CHOWK, RAKABGANJ, GANESH GANJ, NAKA HINDOLA",,Yeswanth ,
678e8e58285238d113f207cb,NAYA GAON EAST,NAYA GAON EAST,Area,Done,NAYA GAON EAST,"UDAIGANJ, HUSSAINGANJ, LALKUAN, BEHRI MANDI, KESAR BAGH",,Yeswanth ,
678e8e58285238d113f207cc,NAYA HAIDARABAD,NAYA HAIDARABAD,Area,Done,NAYA HAIDARABAD,"NISHATGANJ, MAHANAGAR, KAPOORTHALA, DALIBAGH, IT CROSSING",,Yeswanth ,
678e8e58285238d113f207cd,Naya Khera,NAYA KHERA,Area,Done,NAYA KHERA,"MIRZAPUR, TIWARIPUR, RASOOLPUR KASAYTHA, CHAATA MEEL, JANKIPURAM VISTAR",,Yeswanth ,
678e8e58285238d113f207ce,Naya Purwa,NAYA PURWA,Area,Done,NAYA PURWA,"KAKORI, MALIHABAD, DUBAGGA, MOHANLALGANJ, RAJAJIPURAM",,Yeswanth ,
678e8e58285238d113f207cf,NEHRU NAGAR A,NEHRU NAGAR A,Area,Done,NEHRU NAGAR A,"AMINABAD, CHARBAGH, GANESH GANJ, RAKABGANJ, HAZRATGANJ",,Yeswanth ,
678e8e58285238d113f207d0,NER LOCO COLONY,NER LOCO COLONY,Area,Done,NER LOCO COLONY,"CHARBAGH, ALAMBAGH, AASHIANA, KRISHNA NAGAR, MAWAIYYA, AMEER NAGAR",,Yeswanth ,
678e8e58285238d113f207d1,new defence colony,NEW DEFENCE COLONY,Area,Done,NEW DEFENCE COLONY,"SECTOR 6 A, SECTOR 9 B, MOHANLALGANJ, J BLOCK, SAINIK NAGAR",,Yeswanth ,
678e8e58285238d113f207d2,NEW HAIDAR GANJ,NEW HAIDAR GANJ,Area,Done,NEW HAIDAR GANJ,"HAZRATGANJ, MAHANAGAR, NISHATGANJ, DALIBAGH, SECTOR 12, MEHENDIGANJ, SECTOR 11",,Yeswanth ,
678e8e58285238d113f207d3,New Jail Road Area,NEW JAIL ROAD AREA,Area,Done,NEW JAIL ROAD AREA,"MOHANLALGANJ, NATKUR, TELIBAGH, KALLI POORAB, VRINDAVAN YOJNA, ANSAL SHAHEED PATH",,Yeswanth ,
678e8e58285238d113f207d4,nilmatha,NILMATHA,Area,Done,NILMATHA,"NILMATHA CANTT, VIDYA NAGAR, BHAGWANT NAGAR, SECTOR B, SHAHINOOR COLONY, HARIHERPUR",,Yeswanth ,
678e8e58285238d113f207d5,Nirala Nagar,NIRALA NAGAR,Area,Done,NIRALA NAGAR,"NISHATGANJ, MAHANAGAR, IT CROSSING, DALIGANJ, CSIR COLONY, INDIRA NAGARI",,Yeswanth ,
678e8e58285238d113f207d6,Nishatganj,NISHATGANJ,Area,Done,NISHATGANJ,"MAHANAGAR, DALIBAGH, HAZRATGANJ, KAPOORTHALA, AKBAR NAGAR",,"Yeswanth,Mohammad Samdani Qureshi",
678e8e58285238d113f207d7,Nowgong,NOWGONG,Area,Done,NOWGONG,"BILAHARI, SIMARDHA, ALUWA, SINGRAWAN, SHAKTI NAGAR",,"Yeswanth,Mohammad Samdani Qureshi",
678e8e58285238d113f207d8,Nyay Vihar Colony,NYAY VIHAR COLONY,Area,Done,NYAY VIHAR COLONY,"SHYAM VIHAR COLONY, KAMALABAD BARHAULI, NARAYAN NAGAR, NISHATGANJ, SADRAUNA",,Yeswanth ,
678e8e58285238d113f207d9,Om Nagar,OM NAGAR,Area,Done,OM NAGAR,"KAPOORTHALA, BADSHAHNAGAR, MAHANAGAR EXTENSION, ALAM BAGH, GOPALPURI",,"Yeswanth , Mohammad Samdani Qureshi",
678e8e58285238d113f207da,Omaxe city,OMAXE CITY,Area,Done,OMAXE CITY,"INDRAPURI COLONY, DURGAPURI, SOUTH CITY, ROYAL NAGAR, HIMALAYAN CITY, E BLOCK",,"Yeswanth,Mohammad Samdani Qureshi",
678e8e58285238d113f207db,P AND T COLONY,P AND T COLONY,Area,Done,P AND T COLONY,"BENI GANJ, NIRALA NAGAR, TULSIDAS GHAT, DILAR NAGAR, KISHAN BAGH, MANAK NAGAR, SUBHASH NAGAR, BADA CHAURAHA, PASHCHIM KSHETRA, NEW AZAD NAGAR, MOTI NAGAR",,Yeswanth ,
678e8e58285238d113f207dc,Palhri,PALHRI,Area,Done,PALHRI,"KAMLABAD, KONDRI BHOLI, DHOVAILA, KHATAIYA, SARORA, NARHARPUR, TIWARIPUR, MIRZAPUR, SAIDPUR JAGIR, KHARGAPUR JAGIR",,Yeswanth ,
678e8e58285238d113f207dd,Panchvati Colony,PANCHVATI COLONY,Area,Done,PANCHVATI COLONY,"SWAPNALOK COLONY, HASANGARDEN COLONY, GULZAR COLONY, SURENDER NAGAR, SHANKAR PURI",,Yeswanth ,
678e8e58285238d113f207de,Papnamau,PAPNAMAU,Area,Done,PAPNAMAU,"AHMAMAU, BADHAMAU, PARVAR POORAB, PIPARSAND, PURAINA, PYARE PUR, RAHIMNAGAR PADHIYANA, RAIPUR",,Yeswanth ,
678e8e58285238d113f207df,Parsa,PARSA,Area,Done,PARSA,"ANDHPUR, JAGASURA, BAHERIYA, ALAMPUR, DHIKUNNI, LAULY",,Yeswanth ,
678e8e58285238d113f207e0,PATEL NAGAR,PATEL NAGAR,Area,Done,PATEL NAGAR,"SUJANPURA, ALAMBAGH, RAILWAY COLONY, TEHRI PULIYA, ADARSH NAGAR, CHARBAGH, BHATIA TOWER, SWASTIK GRANITE, RISHI NAGAR, CHANDER NAGAR, LAXMI UPWAN, BARHA",,Yeswanth ,
678e8e58285238d113f207e1,Patrakarpuram Colony,PATRAKARPURAM COLONY,Area,Done,PATRAKARPURAM COLONY,"RAIL VIHAR COLONY, KALA KANKAR COLONY, BALRAMPUR, ADARSH COLONY, AYODHYA",,Yeswanth ,
678e8e58285238d113f207e2,PHOOL BAGH,PHOOL BAGH,Area,Done,PHOOL BAGH,"SUSHANPURA, LALBAGH, GHASYARI MANDI, KESAR BAGH, KAMTA, MAHAVIR NAGAR, SARAI MALI KHERA, CHARBAGH, SARAI TELI, LAJPAT NAGAR, HARAIPUR, KUCHA TIWARI",,Yeswanth ,
678e8e58285238d113f207e3,Piparsand,PIPARSAND,Area,Done,PIPARSAND,"RUPKHEDA, LONHA, CHAKOLI, BHADOI, BHOMU KHERA, BHANKUR, BHATKHERI, BIBIPUR, CHAKDADANPUR, CHANDIYAMAU, GAHALWARA",,Yeswanth ,
678e8e58285238d113f207e4,PRABHAT NAGAR,PRABHAT NAGAR,Area,Done,PRABHAT NAGAR,"PRABHAT PURAM, PREETI NAGAR, LALBAGH, AMINABAD, HAZRATGANJ, KAISERBAGH, NARHI, BABUGANJ, HASANGANJ",,Yeswanth ,
678e8e58285238d113f207e5,Pragati Kunj,PRAGATI KUNJ,Area,Done,PRAGATI KUNJ,"KAMTA, NADARGANJ, GUDAMBA, JANKIPURAM, VIBHUTI KHAND",,Yeswanth ,
678e8e58285238d113f207e6,Preeti Nagar,PREETI NAGAR,Area,Done,PREETI NAGAR,"ADITI PUJAN, MILLAT NAGAR, HANUMANT PURAM 2ND, PRABHAT PURAM, FAZULLAHGANJ, MOHIBULLAPUR",,Yeswanth ,
678e8e58285238d113f207e7,Priyadarshini Colony,PRIYADARSHINI COLONY,Area,Done,PRIYADARSHINI COLONY,"BHARAT NAGAR, KISHAN BAGH, MOHIBULLAPUR, BALAKGANJ , BHARAT NAGAR, TADIKHANA",,Yeswanth ,
678e8e58285238d113f207e8,PURANA QUILLA,PURANA QUILLA,Area,Done,PURANA QUILLA,"KHADRA LANE, HAIDERGANJ, NIYAZGANJ, AISHBAGH, RAKABGANJ, TURAIGANJ, CHAUPATIYAN, CHOWK, PHOOLBAGH, NAJIRABAD",,Yeswanth ,
678e8e58285238d113f207e9,Purana Topkhana,PURANA TOPKHANA,Area,Done,PURANA TOPKHANA,"TAJGANJ, SARAFA BAZAR, FAZAL GANJ, QAZI GANJ, THAKUR GUNJ",,"Yeswanth,Mohammad Samdani Qureshi",
678e8e58285238d113f207ea,Purania,PURANIA,Area,Done,PURANIA,"ALIGANJ, MAHANAGAR, VIKAS NAGAR, MAWAIYA, GOMTI NAGAR, ASHIYANA, DEVKALI, GAYA, DEOGHAR, PATNA, KANPUR, SILIGURI",,Yeswanth ,
678e8e58285238d113f207eb,Qaisarbagh,QAISARBAGH,Area,Done,QAISARBAGH,"HASANGANJ, HAZRATGANJ, DALIGANJ, IRADAT NAGAR, YAHIYAGANJ",,Yeswanth,
678e8e58285238d113f207ec,Rail Nagar,RAIL NAGAR,Area,Done,RAIL NAGAR,"MAHANAGAR EXTENSION, ALIGANJ SECTOR N, NARHI, KHANDRA, MAULVIGANJ,CHARBAGH, ALAMBAGH, RAJENDRA NAGAR ",,Yeswanth,
678e8e58285238d113f207ed,Rail Vihar Colony,RAIL VIHAR COLONY,Area,Done,RAIL VIHAR COLONY,"JUGOR, NARAYAN NAGAR, RASOOLPUR SADAT, NASEEM BADH,VIUNAMRA KHAND",,"Yeswanth,Mohammad Samdani Qureshi",
678e8e58285238d113f207ee,Raipur,RAIPUR,Area,Done,RAIPUR,"CHAK BIBIPUR, CHANDA CODER, CHANDPUR KHANIPUR, DASHAULI, HIMMATPUR, JALALPUR, KHARGAPUR JAGIR",,Yeswanth,
678e8e58285238d113f207ef,Raitha,RAITHA,Area,Done,RAITHA,"BAKSHI KA TALAB, BASANT KUNJ, TIKAIT RAI TALAB, VINAY KHAND, VIPUL KHAND, VIKRANT KHAND",,Yeswanth,
678e8e58285238d113f207f0,RAJ BHAWAN COLONY,RAJ BHAWAN COLONY,Area,Done,RAJ BHAWAN COLONY,"NAI BASTI, ARYA NAGAR, HUSAINGANJ, GANESHGANJ, UDAIGANJ",,"Yeswanth,Mohammad Samdani Qureshi",
678e8e58285238d113f207f1,Rajajipuram,RAJAJIPURAM,Area,Done,RAJAJIPURAM,"BHARAT NAGAR, BIJNAUR, CHAND GANJ, CHARBAGH, CHAUPATIYAN, DALIBAGH COLONY, DALIGANJ",,Yeswanth,
678e8e58285238d113f207f2,RAJEEV NAGAR,RAJEEV NAGAR,Area,Done,RAJEEV NAGAR,"KAMTA, CHINHAT, BIJNOUR, BADA GAON, SECTOR 11",,Yeswanth,
678e8e58285238d113f207f3,Rajendra Nagar,RAJENDRA NAGAR,Area,Done,RAJENDRA NAGAR,"BHARAT NAGAR, BIJNAUR, CHAND GANJ, CHARBAGH, CHAUPATIYAN, DALIBAGH COLONY, DALIGANJ",,Yeswanth,
678e8e58285238d113f207f4,Rajiv Nagar,RAJIV NAGAR,Area,Done,RAJIV NAGAR,"KALYANPUR, RAJAJIPURAM, ALAMBAGH, ALIGANJ, INDIRA NAGAR",,Yeswanth,
678e8e58285238d113f207f5,rajni Khand,RAJNI KHAND,Area,Done,RAJNI KHAND,"SHARDA NAGAR, ASHIYANA, INDIRA NAGAR, VRINDAVAN YOJNA",,"Yeswanth,Mohammad Samdani Qureshi",
678e8e58285238d113f207f6,RAM NAGAR COLONY,RAM NAGAR COLONY,Area,Done,RAM NAGAR COLONY,"MAWAIYA, NAKA HINDOLA, DALIGANJ, AISHBAGH,  ARYA NAGAR, BLUNT SQUARE, CHARBAGH",,Yeswanth,
678e8e58285238d113f207f7,Ramganj,RAMGANJ,Area,Done,RAMGANJ,"GOSAINGANJ, NAKA HINDOLA, KATRA BAZAR, RAJAJIPURAM, ALAMGIR, MANAK NAGAR, GULARAI, SUJANPURA, GEETA PALLI, ANAND NAGAR, RAMPRASADKHERA, SINGAR NAGAR, MUSLIM NAGAR",,Yeswanth,
678e8e58285238d113f207f8,Ramjan Nagar,RAMJAN NAGAR,Area,Done,RAMJAN NAGAR,"SIKANDAR BAGH, RAJAJIPURAM, MANAS NAGAR, MOTI NAGAR, CHHOTA BHOOLAKHERI",,Yeswanth,
678e8e58285238d113f207f9,ramnagar,RAMNAGAR,Area,Done,RAMNAGAR,"KABIRPPUR, SULTANPUR, CHANDOLI, HAMIDPUR, GORAIYA, MANNAPUR, DAHIYA",,Deepanshi,
678e8e58285238d113f207fa,Rani Laxmi Bai Park Area,RANI LAXMI BAI PARK AREA,Area,Done,RANI LAXMI BAI PARK AREA,"LAL KUAN, KOCHHA BHANWAR, PICHHOR, BAJRANG COLONY, DIGARA",,Deepanshi,
678e8e58285238d113f207fb,Rastogi Nagar,RASTOGI NAGAR,Area,Done,RASTOGI NAGAR,"HAZRATGANJ, GOMTI NAGAR, ASHIYANA, JANKIPURAM, CHARBAGH",,Deepanshi,
678e8e58285238d113f207fc,Rastogi Nagar,RASTOGI NAGAR,Area,Done,RASTOGI NAGAR,"BALAGANJ,JAFARIA COLONY,MUSAHIBGANJ, ALMAS BAGH",,ASHWIN ER,
678e8e58285238d113f207fd,ratan khand,RATAN KHAND,Area,Done,RATAN KHAND,"SECTOR N, SECTOR N1, AASHIYANA, SHARDA NAGAR, D BLOCK, SOUTH CITY, SAINIK NAGAR, KUCHI KHAND",,Deepanshi,
678e8e58285238d113f207fe,Ratan Khand-II,RATAN KHAND-II,Area,Done,RATAN KHAND-II,"SHARDA NAGAR, OMAXE CITY, RAJAJIPURAM, VIKAS NAGAR, MADIYAON, ALAMBAGH, MOOLCHAND, MOHANLALGANJ, ARJUNGANJ",,Deepanshi,
678e8e58285238d113f207ff,rathindra nagar,RATHINDRA NAGAR,Area,Done,RATHINDRA NAGAR,"DEFENCE COLONY, SUNDER NAGAR, SALEH NAGAR, VRINDAVAN COLONY, SHARDA NAGAR",,Deepanshi,
678e8e58285238d113f20800,Ravindrapalli,RAVINDRAPALLI,Area,Done,RAVINDRAPALLI,"SARVODAYA NAGAR, VISHAL KHAND, DLF COLONY, SHANKER VIHAR, ANAND NAGAR, ARYA NAGAR, NANDAN KANAN, GOKULPUR",,Deepanshi,
678e8e58285238d113f20801,Rishita Manhattan,RISHITA MANHATTAN,Area,Done,RISHITA MANHATTAN,"ARJUNGANJ, SARSAWAN, AHMAMAU, SHANKAR VIHAR COLONY, VASANT KHAND",,Deepanshi,
678e8e58285238d113f20802,ROBERT LINES,ROBERT LINES,Area,Done,ROBERT LINES,"FUNTURA LUCKNOW, AVADH SHILPGRAM, AHMAMAU, SARSAWAN, CHAK KJEHRA.",,Deepanshi,
678e8e58285238d113f20803,Rooma,ROOMA,Area,Done,ROOMA,"TIKARIYA, SUBHAULI, HATHI PUR, CHAKERI WARD, KARBIGAWAN SALEMPUR",,Deepanshi,
678e8e58285238d113f20804,Ruchi Khand,RUCHI KHAND,Area,Done,RUCHI KHAND,"SHARDA NAGAR, DURGAPURI, SOUTH CITY, INDRAPURI COLONY, BHADRUK",,Deepanshi,
678e8e58285238d113f20805,Ruchi Khand-II,RUCHI KHAND-II,Area,Done,RUCHI KHAND-II,"SALEH NAGAR, RAJNI KHAND, RATAN KHAND, BHADRUK, AASHIYANA",,Deepanshi,
678e8e58285238d113f20806,Saadatganj,SAADATGANJ,Area,Done,SAADATGANJ,"YASEEN GANJ, SHEKHPUR, AMAN VIHAR, SHIVAJI PURAM, ASHRAF NAGAR, LDA COLONY, MEHNDIGANJ",,Deepanshi,
678e8e58285238d113f20807,sachivalay colony,SACHIVALAY COLONY,Area,Done,SACHIVALAY COLONY,"MAHANAGAR, NEW RAHIM NAGAR, SARVODAYA NAGAR, PAPER MILL COLONY, SANJAY GANDHI PURAM",,Deepanshi,
678e8e58285238d113f20808,Sadar Bazaar,SADAR BAZAAR,Area,Done,SADAR BAZAAR,"CHARBAGH, ALAMBAGH, AASHIANA, KRISHNA NAGAR, TALKATORA",,Deepanshi,
678e8e58285238d113f20809,Sadhupur,SADHUPUR,Area,Done,SADHUPUR,"GADDHIPURWA, MAHARIA, TRILOKPUR, MAHARIA, GONDWA",,Deepanshi,
678e8e58285238d113f2080a,SAHARA CITY,SAHARA CITY,Area,Done,SAHARA CITY,"VIPUL KHAND, MARTIN PURVA, VIRAM KHAND, VIKAS KHAND, UJARIYAON",,Deepanshi,
678e8e58285238d113f2080b,Sahara Estates,SAHARA ESTATES,Area,Done,SAHARA ESTATES,"VEER BAHADUR PURAM, MAHADEVAPURAM COLONY, DIVYA NAGAR, PARAMHANS NAGAR, DIVYA NAGAR VISTAR",,Deepanshi,
678e8e58285238d113f2080c,Sahinoor Colony,SAHINOOR COLONY,Area,Done,SAHINOOR COLONY,"GOPESHKUNJ, SECTOR 6, SECTOR 6C, SECTOR 7, SECTOR 7A",,Deepanshi,
678e8e58285238d113f2080d,Sai Mandir Road,SAI MANDIR ROAD,Area,Done,SAI MANDIR ROAD,"GOPESHKHUND, AKASH ENCLAVE, SECTOR 6, SECTOR 6C, SUNDER NAGAR",,Deepanshi,
678e8e58285238d113f2080e,sainik nagar,SAINIK NAGAR,Area,Done,SAINIK NAGAR,"SOUTH CITY, RATAN KHAND, AKASH ENCLAVE, RAJNI KHAND, D - BLOCK",,Deepanshi,
678e8e58285238d113f2080f,Sajjadbagh Colony,SAJJADBAGH COLONY,Area,Done,SAJJADBAGH COLONY,"SAADATGANJ, JAFARIA COLONY, MUFTIGANJ, MURG KHANA, ALIA COLONY, RAMGANJ",,Deepanshi,
678e8e58285238d113f20810,saleh nagar,SALEH NAGAR,Area,Done,SALEH NAGAR,"RASHMI KHAND, BHADRUK, JALAYU VIHAR, ASHIYANA, SHARDA NAGAR, RUCHI KHAND 2",,Deepanshi,
678e8e58285238d113f20811,Samesee,SAMESEE,Area,Done,SAMESEE,"ISMAIL NAGAR, TAMORIYA , ACHALIKHERA, JAMALPUR DADURI, KAPERA MADARPUR. ",,Deepanshi,
678e8e58285238d113f20812,sanskriti enclave,SANSKRITI ENCLAVE,Area,Done,SANSKRITI ENCLAVE,"SURAKSHA ENCLAVE, SHAHEED NAGAR, ELDECO UDYAN II, KRISHNA VIHAR COLONY, MOHANLALGANJ",,Deepanshi,
678e8e58285238d113f20813,Saraswati Nagar,SARASWATI NAGAR,Area,Done,SARASWATI NAGAR,"AHIYAPUR, RAIPUR, RATAPUR, HABIBULLA NAGAR, RAMPUR",,Deepanshi,
678e8e58285238d113f20814,Saraswati Puram,SARASWATI PURAM,Area,Done,SARASWATI PURAM,"BICHHIYA RAILWAY COLONY, HARSEWAKPUR NO. 2, NANDA NAGAR, RAMGARH URF RAJHI, CHAURI",,Deepanshi,
678e8e58285238d113f20815,Sarfarazganj,SARFARAZGANJ,Area,Done,SARFARAZGANJ,"AHIRAN KHERA, BALALGANJ, MALLPUR, SHEKHPUR, DUBAGGA",,Deepanshi,
678e8e58285238d113f20816,Sarojini Nagar,SAROJINI NAGAR,Area,Done,SAROJINI NAGAR,"GINDAN KHERA, NADARGANJ, RAHIMABAD, GAHRU, HIDU KHERA, NATKUR",,Deepanshi,
678e8e58285238d113f20817,Sarosa Bharosa,SAROSA BHAROSA,Area,Done,SAROSA BHAROSA,"SADRAUNA,MUNNU KHERA, KHUSHAL GANJ, GVALPUR, MAHTAVA\n",,Deepanshi,
678e8e58285238d113f20818,SARSWAN,SARSWAN,Area,Done,SARSWAN,"MADHAWA JALALPUR, JOGAMAU, SHAHPUR, KAJIAPUR, IBRAHIMPUR MANJHARA",,Deepanshi,
678e8e58285238d113f20819,Sarvodaya Nagar,SARVODAYA NAGAR,Area,Done,SARVODAYA NAGAR,"KHURRAM NAGAR, MUNSHI PULIA, INDIRA NAGAR,SHAKTI NAGAR, VIKAS NAGAR",,Deepanshi,
678e8e58285238d113f2081a,Satrikh Road,SATRIKH ROAD,Area,Done,SATRIKH ROAD,"MALHOUR, LOLAI, NIJAMPUR, ASHRAF VIHAR COLONY, SARAI SHEKH",,Deepanshi,
678e8e58285238d113f2081b,Sector - f,SECTOR - F,Area,Done,SECTOR - F,"JANKIPURAM, AZIZ NAGAR, MOHIBULLAPUR, SECTOR A, BHARAT NAGAR",,Deepanshi,
678e8e58285238d113f2081c,"Sector 18, Indira Nagar","SECTOR 18, INDIRA NAGAR",Area,Done,"SECTOR 18, INDIRA NAGAR","B-BLOCK, SECTOR 5, SECTOR 20, SECTOR 7, MUNSHI PULIA",,Deepanshi,
678e8e58285238d113f2081d,SECTOR 5,SECTOR 5,Area,Done,SECTOR 5,"B-BLOCK, SECTOR 18, SECTOR 20, SECTOR 7, INDIRA NAGAR, MUNSHI PULIA",,Deepanshi,
678e8e58285238d113f2081e,SECTOR 6,SECTOR 6,Area,Done,SECTOR 6,"SECTOR 4, VIKAS NAGAR, SECTOR 5, SECTOR 7, SECTOR 8",,Deepanshi,
678e8e58285238d113f2081f,Sector 9,SECTOR 9,Area,Done,SECTOR 9,"SECTOR 12, PANI GAON, PATEL NAGAR, SECTOR 8, ASHOK VIHAR, SECTOR 10",,Deepanshi,
678e8e58285238d113f20820,Sector C,SECTOR C,Area,Done,SECTOR C,"SECTOR B, SECTOR N, SECTOR 14, SECTOR Q, ALIGANJ",,Deepanshi,
678e8e58285238d113f20821,Sector D1,SECTOR D1,Area,Done,SECTOR D1,"SACHIVALAY COLONY, SECTOR G, SECTOR F, SECTOR F EXTENSION, ASHIYANA COLONY",,Deepanshi,
678e8e58285238d113f20822,SECTOR F,SECTOR F,Area,Done,SECTOR F,"TRANSPORT NAGAR, SECTOR F EXTENSION, HIND NAGAR, SACHIVALAY COLONY, PHASE 2",,Deepanshi,
678e8e58285238d113f20823,SECTOR H,SECTOR H,Area,Done,SECTOR H,"SECTOR G, SACHIVALAY COLONY, LDA COLONY, SECTOR 1, GOPAL PURI",,Deepanshi,
678e8e58285238d113f20824,"Sector M, Jankipuram","SECTOR M, JANKIPURAM",Area,Done,"SECTOR M, JANKIPURAM","ALIGANJ, SECTOR 3, SECTOR 4, SECTOR N, SHEKHPURA, SECTOR 14",,Deepanshi,
678e8e58285238d113f20825,senani vihar,SENANI VIHAR,Area,Done,SENANI VIHAR,"RATAN KHAND, RAJNI KHAND, SHARDA NAGAR, D-BLOCK, SOUTH CITY, J-BLOCK",,Deepanshi,
678e8e58285238d113f20826,shaheed nagar,SHAHEED NAGAR,Area,Done,SHAHEED NAGAR,"CHIKAMBERPUR, DILSHAD COLONY, SHALIMAR GARDEN MAIN B-BLOCK, SHYAM ENCLAVE, RAMPURI",,Deepanshi,
678e8e58285238d113f20827,Shahganj,SHAHGANJ,Area,Done,SHAHGANJ,"SUIRISH, SABRAHAD, DOBHI, PARAKAMAL, ARAND",,Deepanshi,
678e8e58285238d113f20828,shahinoor colony,SHAHINOOR COLONY,Area,Done,SHAHINOOR COLONY,"GOPESHKUNJ, SECTOR 6, SECTOR 6C, SECTOR 7, SECTOR 7A",,Deepanshi,
678e8e58285238d113f20829,Shahmina Road,SHAHMINA ROAD,Area,Done,SHAHMINA ROAD,"JAWAHAR NAGAR, SHYAM VIHAR, JAWAHAR NAGAR, RIVER BANK COLONY",,Deepanshi,
678e8e58285238d113f2082a,Shankar Puri,SHANKAR PURI,Area,Done,SHANKAR PURI,"SURENDER NAGAR, MULAYAM NAGAR, AJAY NAGAR, PANCHVATI COLONY, HASANGARDEN COLONY, GULZAR COLONY",,Deepanshi,
678e8e58285238d113f2082b,Shanti Nagar,SHANTI NAGAR,Area,Done,SHANTI NAGAR,"SAROJINI NAGAR, RAHIMABAD, BIJNOR, NATKUR, GAHRU",,Deepanshi,
678e8e58285238d113f2082c,sharda nagar,SHARDA NAGAR,Area,Done,SHARDA NAGAR,"ASHIYANA, TELIBAGH, TRANSPORT NAGAR, RAHIMABAD, BANGLA BAZAR",,Deepanshi,
678e8e58285238d113f2082d,Shekhpur,SHEKHPUR,Area,Done,SHEKHPUR,"RAJ PARAPUR, POKHRA KALAN, RASULABAD, DHARMAPUR, BHAT PURWA",,Deepanshi,
678e8e58285238d113f2082e,Sherwani Nagar,SHERWANI NAGAR,Area,Done,SHERWANI NAGAR,"BHITAULI, BHITOLI KHURD, MUTKKIPUR, NYAY VIHAR COLONY, SAI CITY, MADIYANVA",,Deepanshi,
678e8e58285238d113f2082f,Shiv Puri Colony,SHIV PURI COLONY,Area,Done,SHIV PURI COLONY,"MAYUR VIHAR, BAL VIHAR EXTENSION, B BLOCK, KALYANPUR(EAST), SHIVANI VIHAR",,Deepanshi,
678e8e58285238d113f20830,SHIVPURAM COLONY,SHIVPURAM COLONY,Area,Done,SHIVPURAM COLONY,"NILMATHA, SECTOR-B, ROBERTS LINES, SHANTI NAGAR, SHAHINOOR COLONY",,Deepanshi,
678e8e58285238d113f20831,Shyam Nagar,SHYAM NAGAR,Area,Done,SHYAM NAGAR,"PAC MOD, SUJATGANJ, K-BLOCK, KRISHNA NAGAR, KOYLA NAGAR",,Deepanshi,
678e8e58285238d113f20832,Siddhartha Nagar,SIDDHARTHA NAGAR,Area,Done,SIDDHARTHA NAGAR,"BASANTPUR, SAHIYAPUR, BAKSARIA, BARHNI CHAFA, GAJPUR GRINT, DAULATPUR GRANT, TUSAIL, GAURA",,Deepanshi,
678e8e58285238d113f20833,SIKANDAR BAGH,SIKANDAR BAGH,Area,Done,SIKANDAR BAGH,"GOKHALE VIHAR, BUTLER COLONY, CIVIL LINES, HAZRATGANJ, BLOCK I",,Deepanshi,
678e8e58285238d113f20834,Sikandrur Karan,SIKANDRUR KARAN,Area,Done,SIKANDRUR KARAN,"BIJNOR, MOHANLALGANJ, JAGDISHPUR, MOHAN, TAURA",,Deepanshi,
678e8e58285238d113f20835,Sindhunagar,SINDHUNAGAR,Area,Done,SINDHUNAGAR,"VADODARA, RAJKOT, NADARGANJ, CHILLAWAN, GINDAN KHERA, AMAUSI",,Deepanshi,
678e8e58285238d113f20836,Singar Nagar,SINGAR NAGAR,Area,Done,SINGAR NAGAR,"SAMAR VIHAR COLONY, BHOLA KHERA, MAHAK NAGAR, RAM NAGAR, MUSLIM NAGAR",,Deepanshi,
678e8e58285238d113f20837,Sisandi,SISANDI,Area,Done,SISANDI,"KODARARAYPUR, GOBINDPUR, SULSA MAU, MEENAPUR, DEVAREYA",,Deepanshi,
678e8e58285238d113f20838,Sitapur Bypass,SITAPUR BYPASS,Area,Done,SITAPUR BYPASS,"KAKORI, BIJNOR, AHMAMAU, JUGGAUR, BEHTA",,Deepanshi,
678e8e58285238d113f20839,Sitapur Road,SITAPUR ROAD,Area,Done,SITAPUR ROAD,"BHATPUR, BHARAWAN, ITAUNJA, ATARIA, NINDOORA",,Deepanshi,
678e8e58285238d113f2083a,SMRITI VIHAR,SMRITI VIHAR,Area,Done,SMRITI VIHAR,"SECTOR M, JALVAYU VIHAR, ASHIYANA, LDA COLONY, SECTOR N",,Deepanshi,
678e8e58285238d113f2083b,south City,SOUTH CITY,Area,Done,SOUTH CITY,"SAINIK NAGAR, SHAHEED NAGAR, MOHANLALGANJ, J-BLOCK, NEW DEFENCE COLONY",,Deepanshi,
678e8e58285238d113f2083c,Subhash Nagar,SUBHASH NAGAR,Area,Done,SUBHASH NAGAR,"SALEH NAGAR, SHARDA NAGAR, DEFENCE COLONY, SUNDER NAGAR, BADRUK, RAMJAN NAGAR, RAJNI KHAND",,Deepanshi,
678e8e58285238d113f2083d,Sultanpur Road,SULTANPUR ROAD,Area,Done,SULTANPUR ROAD,"INHAUNA, MEHNDIA, SARAI MADHO, SARAI GOPI, SADHIYA, AZADPUR",,Deepanshi,
678e8e58285238d113f2083e,Sun City Colony,SUN CITY COLONY,Area,Done,SUN CITY COLONY,"PANCHVATI COLONY, HASANGARDEN COLONY, KHAND-2, GULZAR COLONY, GAHMAR KUNJ,",,Deepanshi,
678e8e58285238d113f2083f,sundar nagar,SUNDAR NAGAR,Area,Done,SUNDAR NAGAR,"SATETIPATTI GAJA, HAIVATPUR, BEHTAJABI, PUSGAWAN, PAHARPUR",,Deepanshi,
678e8e58285238d113f20840,Sunrise Apartments,SUNRISE APARTMENTS,Area,Done,SUNRISE APARTMENTS,"RAJEEV NAGAR, SECTOR 2, SECTOR 14, NEELAM VIHAR SOCIETY, ABHAY KHAND, MAKANPUR COLONY",,Deepanshi,
678e8e58285238d113f20841,suraksha enclave,SURAKSHA ENCLAVE,Area,Done,SURAKSHA ENCLAVE,"DURGAPURI, YAMUNAPURAM COLONY, INDRAPURI COLONY, E-BLOCK, SANSKRITI ENCLAVE",,Deepanshi,
678e8e58285238d113f20842,Sushant Golf City,SUSHANT GOLF CITY,Area,Done,SUSHANT GOLF CITY,"SECTOR A, PAMPAPURGHUSVAL, SECTOR C, ROBERTS LINES, GHUSWAL KALAN, DEVAMAU",,Deepanshi,
678e8e58285238d113f20843,Swarnim Vihar,SWARNIM VIHAR,Area,Done,SWARNIM VIHAR,"LOTUS PANACHE, KENDRIYA VIDYALYA-2, SECTOR 82, SECTOR 93, BLOCK B",,Deepanshi,
678e8e58285238d113f20844,Tahseen Ganj,TAHSEEN GANJ,Area,Done,TAHSEEN GANJ,"NWEAZGANJ, CHAUPATIYAN, RAMGANJ, SONDHI TOLA, MUFTIGANJ, ALIA COLONY",,Deepanshi,
678e8e58285238d113f20845,Takrohi,TAKROHI,Area,Done,TAKROHI,"OM NAGAR, RAGHUNATH NAGAR, NAUBASTA KALA, KAMTA, ADARSH COLONY, SECTOR 11",,Purnendu Bhowmick,
678e8e58285238d113f20846,Talkatora,TALKATORA,Area,Done,TALKATORA,"ALWAR, SIKAR, MEERUT, RAMPUR, AGRA",,Purnendu Bhowmick,
678e8e58285238d113f20847,Targaon,TARGAON,Area,Done,TARGAON,"NASHIK, VASAI-VIRAR, KOLHAPUR, BELAGAVI, NANDED",,Purnendu Bhowmick,
678e8e58285238d113f20848,Tarhia,TARHIA,Area,Done,TARHIA,"JEHTA, GHAILA, INDIRA NAGAR,UMAR BHARI, NEW COLONY ",,Purnendu Bhowmick,
678e8e58285238d113f20849,Taura,TAURA,Area,Done,TAURA,"PATHAK PUR,TURICHHABNATH, TURI RAJA SAHIB, RAQBA, RAIPUR",,Purnendu Bhowmick,
678e8e58285238d113f2084a,Tedhi Pulia,TEDHI PULIA,Area,Done,TEDHI PULIA,"GHAILA, DALIGANJ, MAHANAGAR, INDIRA NAGAR, SECTOR H, JANKIPURAM, ADIL NAGAR",,Purnendu Bhowmick,
678e8e58285238d113f2084b,Tedhipuliya Crossing,TEDHIPULIYA CROSSING,Area,Done,TEDHIPULIYA CROSSING,"MAHANAGAR, SIKANDAR BAGH, DALIGANJ, AWADH BUS STATION, KAMTA",,Purnendu Bhowmick,
678e8e58285238d113f2084c,Telibagh,TELIBAGH,Area,Done,TELIBAGH,"NILMATHA, NAUBASTA, CANTONMENT, VRINDAVAN COLONY",,Purnendu Bhowmick,
678e8e58285238d113f2084d,Telibagh Extension,TELIBAGH EXTENSION,Area,Done,TELIBAGH EXTENSION,"TELIBAGH, PGI, NILMATHA, RAEBARELI, NATKUR",,Purnendu Bhowmick,
678e8e58285238d113f2084e,Thakurganj,THAKURGANJ,Area,Done,THAKURGANJ,"CHOWK, SAADATGANJ, RAJAJIPURAM, TALKATORA, NAKHAS",,Purnendu Bhowmick,
678e8e58285238d113f2084f,Tikait Rai Talab,TIKAIT RAI TALAB,Area,Done,TIKAIT RAI TALAB,"CHOWK, RAKABGANJ, NAKHAS, AMINABAD, SAADATGANJ",,Purnendu Bhowmick,
678e8e58285238d113f20850,Tikaitganj,TIKAITGANJ,Area,Done,TIKAITGANJ,"CHOWK, NAKHAS, AMINABAD, THAKURGANJ, RAKABGANJ",,Purnendu Bhowmick,
678e8e58285238d113f20851,Tikri,TIKRI,Area,Done,TIKRI,"KAKORI, MALIHABAD, DUBAGGA, RAJAJIPURAM, HARDOI .",,Purnendu Bhowmick,
678e8e58285238d113f20852,Tiwariganj,TIWARIGANJ,Area,Done,TIWARIGANJ,"CHINHAT, FAIZABAD, INDIRA NAGAR, GOMTI NAGAR, MATIYARI",,Purnendu Bhowmick,
678e8e58285238d113f20853,Tiwaripur,TIWARIPUR,Area,Done,TIWARIPUR,"CHINHAT, GOMTI NAGAR EXTENSION, FAIZABAD, MATIYARI, TELIBAGH",,Purnendu Bhowmick,
678e8e58285238d113f20854,Trimurti Nagar,TRIMURTI NAGAR,Area,Done,TRIMURTI NAGAR,"ALIGANJ, JANKIPURAM, TRIVENI NAGAR, KHURRAM NAGAR, KAPOORTHALA",,Purnendu Bhowmick,
678e8e58285238d113f20855,TRIPATHI NAGAR,TRIPATHI NAGAR,Area,Done,TRIPATHI NAGAR,"INDIRA NAGAR, KHURRAM NAGAR, GOMTI NAGAR, MUNSHIPULIYA, FAIZABAD .",,Pranay,
678e8e58285238d113f20856,Triveni Nagar,TRIVENI NAGAR,Area,Done,TRIVENI NAGAR,"KHADRA, AHIBARANPUR, MAUSAM BAGH, TRIVENI NAGAR, MAKKAGANJ",,Pranay,
678e8e58285238d113f20857,Uattardhona,UATTARDHONA,Area,Done,UATTARDHONA,"CHINHAT, SEMRA, GOMTI NAGAR EXTENSION, MATIYARI, SULTANPUR .",,"Pranay,Mohammad Samdani Qureshi",
678e8e58285238d113f20858,Udayganj,UDAYGANJ,Area,Done,UDAYGANJ,"CANAL COLONY, KHATKEYANA, GANESH GANJ, RAKABGANJ, HAZRATGANJ",,Pranay,
678e8e58285238d113f20859,Udyan-II Colony,UDYAN-II COLONY,Area,Done,UDYAN-II COLONY,"AASHIANA, SECTOR-1, SAROJINI NAGAR, KRISHNA NAGAR, TELIBAGH",,Pranay,
678e8e58285238d113f2085a,Umarbhari,UMARBHARI,Area,Done,UMARBHARI,"SADHUPUR, TARHIA, GANGJOR, PALHRI, SARAIYA",,"Pranay,Mohammad Samdani Qureshi",
678e8e58285238d113f2085b,Vasant Kunj,VASANT KUNJ,Area,Done,VASANT KUNJ,"DUBAGGA, BALAGANJ, BRAHAM NAGAR, RASTOGI NAGAR, AHIRAN KHERA",,"Pranay,Mohammad Samdani Qureshi",
678e8e58285238d113f2085c,vidya nagar,VIDYA NAGAR,Area,Done,VIDYA NAGAR,"NILMATHA, VIJAY NAGAR, SHIA LINES, CANTONMENT, GORKHA RIFLES",,Pranay,
678e8e58285238d113f2085d,Vijay Khand,VIJAY KHAND,Area,Done,VIJAY KHAND,"GOMTI NAGAR, VINAMRA KHAND, VIPUL KHAND, VIKAS KHAND, VISHAL KHAND, NEHRU ENCLAVE, VISHWAS KHAND",,Pranay,
678e8e58285238d113f2085e,vijay nagar,VIJAY NAGAR,Area,Done,VIJAY NAGAR,"ARYA NAGAR, CASH AND PAY COLONY, LALKUAN, NAKA HINDOLA, CHARBAGH, RAJENDRA NAGAR",,Pranay,
678e8e58285238d113f2085f,Vijay Nagar,VIJAY NAGAR,Area,Done,VIJAY NAGAR,"NILMATHA, ROBERTS LINES, CANTONMENT, GORKHA RIFLES, GHUSWAL KALAN",,,
678e8e58285238d113f20860,Vijayant Khand,VIJAYANT KHAND,Area,Done,VIJAYANT KHAND,"GOMTI NAGAR, VISHAL KHAND, VIPUL KHAND, VINAMRA KHAND, VIKAS KHAND, VIKRANT KHAND, VASTU KHAND, VIBHAV KHAND, SHANKAR PURI",,Pranay,
678e8e58285238d113f20861,Vikas Khand,VIKAS KHAND,Area,Done,VIKAS KHAND,"GOMTI NAGAR, VINAMRA KHAND, VIPUL KHAND, VISHAL KHAND, VIJAYANT KHAND, VIRAM KHAND 5, VIRAM KHAND 1, PATRAKAR PURAM, UJARIYAON",,Pranay,
678e8e58285238d113f20862,Vikas Nagar,VIKAS NAGAR,Area,Done,VIKAS NAGAR,"KHURRAM NAGAR, ALIGANJ, JANKIPURAM, MAHANAGAR,KALYANPUR, SECTOR 7, SECTOR 8, SECTOR 6, SECTOR 5, SECTOR 11, SECTOR 14, SECTOR 4, SECTOR 3, VIKAS NAGAR, SHEKHUPURA, KAMLA NEHRU NAGAR, NEW RAHIM NAGAR",,Pranay,
678e8e58285238d113f20863,Vikas Vihar Colony,VIKAS VIHAR COLONY,Area,Done,VIKAS VIHAR COLONY,"ALAMBAGH, CHARBAGH, AASHIANA, KANPUR ROAD, KRISHNA NAGAR",,Deepanshi,
678e8e58285238d113f20864,vikram nagar,VIKRAM NAGAR,Area,Done,VIKRAM NAGAR,"GOMTI NAGAR, INDIRA NAGAR, MUNSHIPULIYA, FAIZABAD ROAD, VINAY KHAND",,Deepanshi,
678e8e58285238d113f20865,Vikrant Khand,VIKRANT KHAND,Area,Done,VIKRANT KHAND,"GOMTI NAGAR, VINAY KHAND, VINAMRA KHAND, VIPUL KHAND, VISHAL KHAND",,Deepanshi,
678e8e58285238d113f20866,Vinamra Khand,VINAMRA KHAND,Area,Done,VINAMRA KHAND,"GOMTI NAGAR, VIPUL KHAND, VISHAL KHAND, VIKAS KHAND, VIJAYANT KHAND",,Deepanshi,
678e8e58285238d113f20867,Vinay Khand,VINAY KHAND,Area,Done,VINAY KHAND,"GOMTI NAGAR, VISHAL KHAND, VIPUL KHAND, VINAMRA KHAND, VIKRANT KHAND",,Deepanshi,
678e8e58285238d113f20868,vinay nagar,VINAY NAGAR,Area,Done,VINAY NAGAR,"KRISHNA NAGAR COLONY, ASHUTOSH NAGAR, MAHARAJA PURAM, KRISHNA NAGAR, NARAYAN PURI",,Deepanshi,
678e8e58285238d113f20869,Vineet Khand,VINEET KHAND,Area,Done,VINEET KHAND,"GOMTI NAGAR, VIRAM KHAND, SARASWATI PURAM, HUSERIA, KHARGAPUR",,Deepanshi,
678e8e58285238d113f2086a,Vipul Khand,VIPUL KHAND,Area,Done,VIPUL KHAND,"VISHAL KHAND, VIKAS KHAND, GWARI VILLAGE, VIRAM KHAND, UJARIYAON, SAHARA CITY",,Deepanshi,
678e8e58285238d113f2086b,Viraj Khand,VIRAJ KHAND,Area,Done,VIRAJ KHAND,"SCHUMACHER COLONY, MALHOUR, VINAMRA KHAND, VIBHAV KHAND, SARASWATI PURAM, KHARGAPUR",,Deepanshi,
678e8e58285238d113f2086c,Virat Khand,VIRAT KHAND,Area,Done,VIRAT KHAND,"VIRAJ KHAND-1, VINEET KHAND, VIRAM KHAND, GOMTI NAGAR, VIRAJ KHAND, SARASWATI PURAM",,Deepanshi,
678e8e58285238d113f2086d,Vishal Khand,VISHAL KHAND,Area,Done,VISHAL KHAND,"VIKAS KHAND, GWARI VILLAGE, VIPUL KHAND, VIRAM KHAND, VIVEK KHAND-3, VARDAN KHAND",,Deepanshi,
678e8e58285238d113f2086e,VISHAL KHAND 3,VISHAL KHAND 3,Area,Done,VISHAL KHAND 3,"VIPUL KHAND, VIPUL KHAND-2, UJARIYAON, GWARI VILLAGE, VIKAS KHAND, VISHAL KHAND",,Deepanshi,
678e8e58285238d113f2086f,Vishal Khand Extension,VISHAL KHAND EXTENSION,Area,Done,VISHAL KHAND EXTENSION,"VIKAS KHAND, GWARI VILLAGE, VIPUL KHAND, VIRAM KHAND, VIVEK KHAND-3, VARDAN KHAND",,Deepanshi,
678e8e58285238d113f20870,Vishesh Khand,VISHESH KHAND,Area,Done,VISHESH KHAND,"VIBHAV KHAND, VIJAIPUR COLONY, VIJAYANT KHAND, VIKRANT KHAND, VISHESH KHAND-4",,Deepanshi,
678e8e58285238d113f20871,vishnulok colony,VISHNULOK COLONY,Area,Done,VISHNULOK COLONY,"MANAS NAGAR, HIND NAGAR, HARI OM NAGAR, KRISHNA NAGAR COLONY, SACHIVALAY COLONY, SECTOR D",,Deepanshi,
678e8e58285238d113f20872,Vishwas Khand,VISHWAS KHAND,Area,Done,VISHWAS KHAND,"NEHRU ENCLAVE, BADI JUGOLI, BRAHAMPURI COLONY, SHEIKHPUR KASAILA, VIVEK KHAND-2, VISHAL KHAND, H.A.L. COLONY, MARUTI PURAM",,ASHWIN ER,
678e8e58285238d113f20873,Vivek Khand,VIVEK KHAND,Area,Done,VIVEK KHAND,"PATRAKAR PURAM, VISHAL KHAND, VIKAS KHAND, VIRAM KHAND-1, VIRAM KHAND, VINAY KHAND-4, VINAY KHAND-3",,ASHWIN ER,
678e8e58285238d113f20874,VIVEKANANDA COLONY,VIVEKANANDA COLONY,Area,Done,VIVEKANANDA COLONY,"LALBAGH, GAUTAM PALLI, THE MALL AVENUE, CIVIL LINES, HAZRATGANJ, HUSAINGANJ",,ASHWIN ER,
678e8e58285238d113f20875,Vrindavan Colony,VRINDAVAN COLONY,Area,Done,VRINDAVAN COLONY,"VRINDAVAN YOJNA-2, SECTOR 8, SECTOR 14, SOUTH CITY, NEW DEFENCE COLONY, SECTOR 9B, ",,ASHWIN ER,
678e8e58285238d113f20876,WAZIRBAGH MOHALLAH,WAZIRBAGH MOHALLAH,Area,Done,WAZIRBAGH MOHALLAH,"SHEKHPUR, AMBER GANJ, NEW NAJAF RUSTAM NAGAR, SAADATGANJ BARAURA HUSSAIN BARI, BUNIYAD BAGH",,ASHWIN ER,
678e8e58285238d113f20877,YASEEN GANJ,YASEEN GANJ,Area,Done,YASEEN GANJ,"WAZIRBAGH MOHALLAH, SAADATGANJ, SHEKHPUR, NEW NAJAF RUSTAM NAGAR, AMBER GANJ",,ASHWIN ER,
